Fecha,C,E
1993-12-01,0.0,
1993-12-02,0.0,
1993-12-03,0.0,
1993-12-04,0.0,
1993-12-05,0.0,
1993-12-06,0.0,
1993-12-07,0.0,
1993-12-08,0.0,
1993-12-09,0.0,
1993-12-10,0.0,
1993-12-11,0.0,
1993-12-12,0.0,
1993-12-13,0.0,
1993-12-14,0.0,
1993-12-15,0.0,
1993-12-16,0.0,
1993-12-17,0.0,
1993-12-18,0.0,
1993-12-19,0.0,
1993-12-20,0.0,
1993-12-21,0.0,
1993-12-22,0.0,
1993-12-23,0.0,
1993-12-24,0.0,
1993-12-25,0.0,
1993-12-26,0.0,
1993-12-27,0.0,
1993-12-28,0.0,
1993-12-29,0.0,
1993-12-30,0.0,
1993-12-31,0.0,
1994-01-01,0.0,
1994-01-02,0.0,
1994-01-03,0.0,
1994-01-04,0.0,
1994-01-05,0.0,
1994-01-06,0.0,
1994-01-07,0.0,
1994-01-08,0.0,
1994-01-09,0.0,
1994-01-10,0.0,
1994-01-11,0.0,
1994-01-12,0.0,
1994-01-13,0.0,
1994-01-14,0.0,
1994-01-15,0.0,
1994-01-16,0.0,
1994-01-17,0.0,
1994-01-18,0.0,
1994-01-19,0.0,
1994-01-20,0.0,
1994-01-21,0.0,
1994-01-22,0.0,
1994-01-23,0.0,
1994-01-24,0.0,
1994-01-25,0.0,
1994-01-26,0.0,
1994-01-27,0.0,
1994-01-28,0.0,
1994-01-29,0.0,
1994-01-30,0.0,
1994-01-31,0.0,
1994-02-01,0.0,
1994-02-02,0.0,
1994-02-03,0.0,
1994-02-04,0.0,
1994-02-05,0.0,
1994-02-06,0.0,
1994-02-07,0.0,
1994-02-08,0.0,
1994-02-09,0.0,
1994-02-10,0.0,
1994-02-11,0.0,
1994-02-12,0.0,
1994-02-13,0.0,
1994-02-14,0.0,
1994-02-15,0.0,
1994-02-16,0.0,
1994-02-17,0.0,
1994-02-18,192560524.0,
1994-02-19,192560524.0,
1994-02-20,192560524.0,
1994-02-21,147651310.0,
1994-02-22,147707332.0,
1994-02-23,147570090.0,
1994-02-24,147330240.0,
1994-02-25,147325685.0,
1994-02-26,147325685.0,
1994-02-27,147325685.0,
1994-02-28,21080358617.0,
1994-03-01,21013489910.0,
1994-03-02,21022010570.0,
1994-03-03,20999518963.0,
1994-03-04,21003465852.0,
1994-03-05,21003465852.0,
1994-03-06,21003465852.0,
1994-03-07,20988179930.0,
1994-03-08,20950398031.0,
1994-03-09,20942680823.0,
1994-03-10,20921168002.0,
1994-03-11,20903279239.0,
1994-03-12,20903279239.0,
1994-03-13,20903279239.0,
1994-03-14,20894961770.0,
1994-03-15,20903225362.0,
1994-03-16,21131674634.0,
1994-03-17,21233594455.0,
1994-03-18,21260938776.0,
1994-03-19,21260938776.0,
1994-03-20,21260938776.0,
1994-03-21,21271847765.0,
1994-03-22,21229381859.0,
1994-03-23,21142467694.0,
1994-03-24,21137751218.0,
1994-03-25,21122141513.0,
1994-03-26,21122141513.0,
1994-03-27,21122141513.0,
1994-03-28,21106571507.0,
1994-03-29,21096635492.0,
1994-03-30,26994691670.0,
1994-03-31,26959610547.0,
1994-04-01,26959610547.0,
1994-04-02,26959610547.0,
1994-04-03,26959610547.0,
1994-04-04,26933290316.0,
1994-04-05,26890653303.0,
1994-04-06,26826308040.0,
1994-04-07,26804162661.0,
1994-04-08,26754511588.0,
1994-04-09,26754511588.0,
1994-04-10,26754511588.0,
1994-04-11,26790692549.0,
1994-04-12,26780516818.0,
1994-04-13,26767783162.0,
1994-04-14,26784695543.0,
1994-04-15,26813775798.0,
1994-04-16,26813775798.0,
1994-04-17,26813775798.0,
1994-04-18,27172046197.0,
1994-04-19,27221431610.0,
1994-04-20,27322119140.0,
1994-04-21,27317926882.0,
1994-04-22,27340634298.0,
1994-04-23,27340634298.0,
1994-04-24,27340634298.0,
1994-04-25,27372643410.0,
1994-04-26,27392086893.0,
1994-04-27,27455663214.0,
1994-04-28,30569550676.0,
1994-04-29,30654342021.0,
1994-04-30,30654342021.0,
1994-05-01,30654342021.0,
1994-05-02,30725865830.0,
1994-05-03,30761924904.0,
1994-05-04,30795597257.0,
1994-05-05,30840753497.0,
1994-05-06,30913789512.0,
1994-05-07,30913789512.0,
1994-05-08,30913789512.0,
1994-05-09,30982464578.0,
1994-05-10,30999005777.0,
1994-05-11,31008553076.0,
1994-05-12,31007130725.0,
1994-05-13,30963444146.0,
1994-05-14,30963444146.0,
1994-05-15,30963444146.0,
1994-05-16,31219652625.0,
1994-05-17,31220457938.0,
1994-05-18,31227365639.0,
1994-05-19,31287579252.0,
1994-05-20,31323778579.0,
1994-05-21,31323778579.0,
1994-05-22,31323778579.0,
1994-05-23,31340414043.0,
1994-05-24,31408411089.0,
1994-05-25,31477561504.0,
1994-05-26,31527756967.0,
1994-05-27,33691861906.0,
1994-05-28,33691861906.0,
1994-05-29,33691861906.0,
1994-05-30,33791718635.0,
1994-05-31,33868712124.0,
1994-06-01,33977269910.0,
1994-06-02,33977269910.0,
1994-06-03,34087285029.0,
1994-06-04,34087285029.0,
1994-06-05,34087285029.0,
1994-06-06,34183776860.0,
1994-06-07,34256305945.0,
1994-06-08,34337522835.0,
1994-06-09,34441369846.0,
1994-06-10,34510507720.0,
1994-06-11,34510507720.0,
1994-06-12,34510507720.0,
1994-06-13,34576284268.0,
1994-06-14,34601668858.0,
1994-06-15,34652927301.0,
1994-06-16,34745338904.0,
1994-06-17,35146058960.0,
1994-06-18,35146058960.0,
1994-06-19,35146058960.0,
1994-06-20,35201781674.0,
1994-06-21,35189344879.0,
1994-06-22,35083594394.0,
1994-06-23,35023491922.0,
1994-06-24,34999213431.0,
1994-06-25,34999213431.0,
1994-06-26,34999213431.0,
1994-06-27,35024913736.0,
1994-06-28,38311334884.0,
1994-06-29,38311334884.0,
1994-06-30,38303827735.0,
1994-07-01,38216289363.0,
1994-07-02,38216289363.0,
1994-07-03,38216289363.0,
1994-07-04,38173658856.0,
1994-07-05,38140590772.0,
1994-07-06,38108813109.0,
1994-07-07,38098306906.0,
1994-07-08,38103911551.0,
1994-07-09,38103911551.0,
1994-07-10,38103911551.0,
1994-07-11,38065129694.0,
1994-07-12,38007451022.0,
1994-07-13,37992716300.0,
1994-07-14,38005041855.0,
1994-07-15,38058622931.0,
1994-07-16,38058622931.0,
1994-07-17,38058622931.0,
1994-07-18,38522946591.0,
1994-07-19,38516440520.0,
1994-07-20,38463235232.0,
1994-07-21,38458246858.0,
1994-07-22,38466787124.0,
1994-07-23,38466787124.0,
1994-07-24,38466787124.0,
1994-07-25,38474415779.0,
1994-07-26,38450636744.0,
1994-07-27,38314024868.0,
1994-07-28,40715108109.0,
1994-07-29,40676995540.0,
1994-07-30,40676995540.0,
1994-07-31,40676995540.0,
1994-08-01,40693603468.0,
1994-08-02,40685109335.0,
1994-08-03,40722303917.0,
1994-08-04,40818997883.0,
1994-08-05,40904109393.0,
1994-08-06,40904109393.0,
1994-08-07,40904109393.0,
1994-08-08,40957151686.0,
1994-08-09,41056667293.0,
1994-08-10,41118396844.0,
1994-08-11,41231421410.0,
1994-08-12,41312053028.0,
1994-08-13,41312053028.0,
1994-08-14,41312053028.0,
1994-08-15,41312053028.0,
1994-08-16,41422463363.0,
1994-08-17,41466599782.0,
1994-08-18,41503062037.0,
1994-08-19,41875929102.0,
1994-08-20,41875929102.0,
1994-08-21,41875929102.0,
1994-08-22,41903012030.0,
1994-08-23,41947448393.0,
1994-08-24,41916058363.0,
1994-08-25,41938479127.0,
1994-08-26,42027589529.0,
1994-08-27,42027589529.0,
1994-08-28,42027589529.0,
1994-08-29,41702066921.0,
1994-08-30,43713011731.0,
1994-08-31,43785757345.0,
1994-09-01,43884573541.0,
1994-09-02,43958278575.0,
1994-09-03,43958278575.0,
1994-09-04,43958278575.0,
1994-09-05,44022117730.0,
1994-09-06,44057114188.0,
1994-09-07,44065108228.0,
1994-09-08,44074967917.0,
1994-09-09,44088932361.0,
1994-09-10,44088932361.0,
1994-09-11,44088932361.0,
1994-09-12,44122902804.0,
1994-09-13,44106350859.0,
1994-09-14,44118877382.0,
1994-09-15,44143147179.0,
1994-09-16,44442288112.0,
1994-09-17,44442288112.0,
1994-09-18,44442288112.0,
1994-09-19,44442288112.0,
1994-09-20,44533576121.0,
1994-09-21,44605553861.0,
1994-09-22,44643897830.0,
1994-09-23,44678081682.0,
1994-09-24,44678081682.0,
1994-09-25,44678081682.0,
1994-09-26,44776765166.0,
1994-09-27,44839222963.0,
1994-09-28,44332906770.0,
1994-09-29,46093384280.0,
1994-09-30,46202287757.0,
1994-10-01,46202287757.0,
1994-10-02,46202287757.0,
1994-10-03,46389222222.0,
1994-10-04,46460947296.0,
1994-10-05,46598121881.0,
1994-10-06,46659666317.0,
1994-10-07,46749684070.0,
1994-10-08,46749684070.0,
1994-10-09,46749684070.0,
1994-10-10,46860492846.0,
1994-10-11,46923285488.0,
1994-10-12,46923285488.0,
1994-10-13,47044577051.0,
1994-10-14,47209162582.0,
1994-10-15,47209162582.0,
1994-10-16,47209162582.0,
1994-10-17,47700441981.0,
1994-10-18,47864722340.0,
1994-10-19,48006997789.0,
1994-10-20,48197759528.0,
1994-10-21,48398503950.0,
1994-10-22,48398503950.0,
1994-10-23,48398503950.0,
1994-10-24,48565717960.0,
1994-10-25,48740964884.0,
1994-10-26,48802936622.0,
1994-10-27,47792620318.0,
1994-10-28,49594371418.0,
1994-10-29,49594371418.0,
1994-10-30,49594371418.0,
1994-10-31,49631468784.0,
1994-11-01,49631468784.0,
1994-11-02,49649879070.0,
1994-11-03,49601386042.0,
1994-11-04,49518906214.0,
1994-11-05,49518906214.0,
1994-11-06,49518906214.0,
1994-11-07,49458987945.0,
1994-11-08,49418228180.0,
1994-11-09,49383203804.0,
1994-11-10,49384076922.0,
1994-11-11,49415185319.0,
1994-11-12,49415185319.0,
1994-11-13,49415185319.0,
1994-11-14,49453110972.0,
1994-11-15,49441311041.0,
1994-11-16,49426221270.0,
1994-11-17,49793349073.0,
1994-11-18,49737920863.0,
1994-11-19,49737920863.0,
1994-11-20,49737920863.0,
1994-11-21,49797859231.0,
1994-11-22,49836118972.0,
1994-11-23,49795467533.0,
1994-11-24,49757188368.0,
1994-11-25,49792252448.0,
1994-11-26,49792252448.0,
1994-11-27,49792252448.0,
1994-11-28,48379803549.0,
1994-11-29,50796110379.0,
1994-11-30,50756085283.0,
1994-12-01,50806450614.0,
1994-12-02,50784704978.0,
1994-12-03,50784704978.0,
1994-12-04,50784704978.0,
1994-12-05,50772293041.0,
1994-12-06,50759676373.0,
1994-12-07,50747852862.0,
1994-12-08,50747852862.0,
1994-12-09,50791068253.0,
1994-12-10,50791068253.0,
1994-12-11,50791068253.0,
1994-12-12,50907771728.0,
1994-12-13,50930088896.0,
1994-12-14,50946129857.0,
1994-12-15,50995580050.0,
1994-12-16,50944847395.0,
1994-12-17,50944847395.0,
1994-12-18,50944847395.0,
1994-12-19,50971040063.0,
1994-12-20,51310818171.0,
1994-12-21,51303260560.0,
1994-12-22,51148826889.0,
1994-12-23,50984983244.0,
1994-12-24,50984983244.0,
1994-12-25,50984983244.0,
1994-12-26,50941301882.0,
1994-12-27,49784779657.0,
1994-12-28,52204959057.0,
1994-12-29,52148228282.0,
1994-12-30,52168322223.0,
1994-12-31,52168322223.0,
1995-01-01,52168322223.0,
1995-01-02,52147781386.0,
1995-01-03,52100166570.0,
1995-01-04,52026713493.0,
1995-01-05,51998943501.0,
1995-01-06,51999463242.0,
1995-01-07,51999463242.0,
1995-01-08,51999463242.0,
1995-01-09,51987787082.0,
1995-01-10,51906257809.0,
1995-01-11,51691300555.0,
1995-01-12,51322547294.0,
1995-01-13,51228965904.0,
1995-01-14,51228965904.0,
1995-01-15,51228965904.0,
1995-01-16,51248895849.0,
1995-01-17,51603459434.0,
1995-01-18,51638524077.0,
1995-01-19,51641833124.0,
1995-01-20,51602047176.0,
1995-01-21,51602047176.0,
1995-01-22,51602047176.0,
1995-01-23,51605368793.0,
1995-01-24,51613471921.0,
1995-01-25,51658091507.0,
1995-01-26,50260578152.0,
1995-01-27,52558642256.0,
1995-01-28,52558642256.0,
1995-01-29,52558642256.0,
1995-01-30,52549813400.0,
1995-01-31,52380232516.0,
1995-02-01,52225032006.0,
1995-02-02,52217462332.0,
1995-02-03,52201788378.0,
1995-02-04,52201788378.0,
1995-02-05,52201788378.0,
1995-02-06,52269973581.0,
1995-02-07,52341304382.0,
1995-02-08,52311595912.0,
1995-02-09,52287120238.0,
1995-02-10,52281469327.0,
1995-02-11,52281469327.0,
1995-02-12,52281469327.0,
1995-02-13,52282123811.0,
1995-02-14,52285110491.0,
1995-02-15,52310318285.0,
1995-02-16,52443120464.0,
1995-02-17,52269334927.0,
1995-02-18,52269334927.0,
1995-02-19,52269334927.0,
1995-02-20,52154506892.0,
1995-02-21,52020119574.0,
1995-02-22,51978045461.0,
1995-02-23,51941264918.0,
1995-02-24,50385456147.0,
1995-02-25,50385456147.0,
1995-02-26,50385456147.0,
1995-02-27,52276670196.0,
1995-02-28,52378299496.0,
1995-03-01,52411479148.0,
1995-03-02,52461295381.0,
1995-03-03,52436966741.0,
1995-03-04,52436966741.0,
1995-03-05,52436966741.0,
1995-03-06,52443834211.0,
1995-03-07,52349632711.0,
1995-03-08,52236536726.0,
1995-03-09,52051053100.0,
1995-03-10,51780948369.0,
1995-03-11,51780948369.0,
1995-03-12,51780948369.0,
1995-03-13,51455302029.0,
1995-03-14,51360063996.0,
1995-03-15,51720768275.0,
1995-03-16,51730367749.0,
1995-03-17,51730870308.0,
1995-03-18,51730870308.0,
1995-03-19,51730870308.0,
1995-03-20,51802195818.0,
1995-03-21,51790369403.0,
1995-03-22,51835079238.0,
1995-03-23,52032328868.0,
1995-03-24,52212295386.0,
1995-03-25,52212295386.0,
1995-03-26,52212295386.0,
1995-03-27,52594339367.0,
1995-03-28,51516034788.0,
1995-03-29,53246833027.0,
1995-03-30,53293660495.0,
1995-03-31,53380301607.0,
1995-04-01,53380301607.0,
1995-04-02,53380301607.0,
1995-04-03,53428214224.0,
1995-04-04,53488668372.0,
1995-04-05,53544577649.0,
1995-04-06,53622737117.0,
1995-04-07,53717693632.0,
1995-04-08,53717693632.0,
1995-04-09,53717693632.0,
1995-04-10,53818390302.0,
1995-04-11,53816427431.0,
1995-04-12,53855714125.0,
1995-04-13,53971591958.0,
1995-04-14,53971591958.0,
1995-04-15,53971591958.0,
1995-04-16,53971591958.0,
1995-04-17,54324992388.0,
1995-04-18,54342909872.0,
1995-04-19,54398393826.0,
1995-04-20,54435179232.0,
1995-04-21,54401455112.0,
1995-04-22,54401455112.0,
1995-04-23,54401455112.0,
1995-04-24,54414106880.0,
1995-04-25,54496769530.0,
1995-04-26,53249044655.0,
1995-04-27,55419566218.0,
1995-04-28,55540983933.0,
1995-04-29,55540983933.0,
1995-04-30,55540983933.0,
1995-05-01,55540983933.0,
1995-05-02,55602757202.0,
1995-05-03,55620445167.0,
1995-05-04,55693476309.0,
1995-05-05,55834723055.0,
1995-05-06,55834723055.0,
1995-05-07,55834723055.0,
1995-05-08,55962549210.0,
1995-05-09,56094738587.0,
1995-05-10,56154641919.0,
1995-05-11,56266911938.0,
1995-05-12,56360697281.0,
1995-05-13,56360697281.0,
1995-05-14,56360697281.0,
1995-05-15,56502203378.0,
1995-05-16,56661468803.0,
1995-05-17,56733771442.0,
1995-05-18,56816332197.0,
1995-05-19,57439959198.0,
1995-05-20,57439959198.0,
1995-05-21,57439959198.0,
1995-05-22,57600778544.0,
1995-05-23,57738319395.0,
1995-05-24,57809046117.0,
1995-05-25,57913404201.0,
1995-05-26,58029992630.0,
1995-05-27,58029992630.0,
1995-05-28,58029992630.0,
1995-05-29,56626046827.0,
1995-05-30,58663467646.0,
1995-05-31,58801538034.0,
1995-06-01,58846843853.0,
1995-06-02,58767449824.0,
1995-06-03,58767449824.0,
1995-06-04,58767449824.0,
1995-06-05,58802905774.0,
1995-06-06,58846773661.0,
1995-06-07,58952301374.0,
1995-06-08,58991641165.0,
1995-06-09,58992211820.0,
1995-06-10,58992211820.0,
1995-06-11,58992211820.0,
1995-06-12,59046790591.0,
1995-06-13,59019847714.0,
1995-06-14,59029567184.0,
1995-06-15,59029567184.0,
1995-06-16,59041185374.0,
1995-06-17,59041185374.0,
1995-06-18,59041185374.0,
1995-06-19,59053342505.0,
1995-06-20,58995200154.0,
1995-06-21,58902122250.0,
1995-06-22,58749682802.0,
1995-06-23,58994077443.0,
1995-06-24,58994077443.0,
1995-06-25,58994077443.0,
1995-06-26,59026241434.0,
1995-06-27,59157326623.0,
1995-06-28,57222629216.0,
1995-06-29,57222629216.0,
1995-06-30,60826095474.0,
1995-07-01,60826095474.0,
1995-07-02,60826095474.0,
1995-07-03,61041388176.0,
1995-07-04,61078231134.0,
1995-07-05,61129533045.0,
1995-07-06,61202057692.0,
1995-07-07,61342074944.0,
1995-07-08,61342074944.0,
1995-07-09,61342074944.0,
1995-07-10,61601970459.0,
1995-07-11,61729249520.0,
1995-07-12,62007192944.0,
1995-07-13,62118230975.0,
1995-07-14,62234619651.0,
1995-07-15,62234619651.0,
1995-07-16,62234619651.0,
1995-07-17,62754762527.0,
1995-07-18,62735496479.0,
1995-07-19,62744489745.0,
1995-07-20,62802836637.0,
1995-07-21,62774998800.0,
1995-07-22,62774998800.0,
1995-07-23,62774998800.0,
1995-07-24,62825167630.0,
1995-07-25,62815541815.0,
1995-07-26,62466695457.0,
1995-07-27,60054335851.0,
1995-07-28,64024362662.0,
1995-07-29,64024362662.0,
1995-07-30,64024362662.0,
1995-07-31,63973813248.0,
1995-08-01,63898181384.0,
1995-08-02,63793898379.0,
1995-08-03,63730439773.0,
1995-08-04,63639941442.0,
1995-08-05,63639941442.0,
1995-08-06,63639941442.0,
1995-08-07,63594522675.0,
1995-08-08,63536351551.0,
1995-08-09,63502214319.0,
1995-08-10,63354183641.0,
1995-08-11,63118855367.0,
1995-08-12,63118855367.0,
1995-08-13,63118855367.0,
1995-08-14,62970788777.0,
1995-08-15,62970788777.0,
1995-08-16,62749265428.0,
1995-08-17,62765565235.0,
1995-08-18,62606428040.0,
1995-08-19,62606428040.0,
1995-08-20,62606428040.0,
1995-08-21,62680995340.0,
1995-08-22,62778124223.0,
1995-08-23,62923292261.0,
1995-08-24,62832913738.0,
1995-08-25,62872521412.0,
1995-08-26,62872521412.0,
1995-08-27,62872521412.0,
1995-08-28,62892301500.0,
1995-08-29,60222868876.0,
1995-08-30,63824384190.0,
1995-08-31,63859107326.0,
1995-09-01,63964653182.0,
1995-09-02,63964653182.0,
1995-09-03,63964653182.0,
1995-09-04,63942556231.0,
1995-09-05,63836249136.0,
1995-09-06,63819997151.0,
1995-09-07,63749549482.0,
1995-09-08,63791328130.0,
1995-09-09,63791328130.0,
1995-09-10,63791328130.0,
1995-09-11,63791328130.0,
1995-09-12,63885808764.0,
1995-09-13,63892672561.0,
1995-09-14,63944964893.0,
1995-09-15,63931454163.0,
1995-09-16,63931454163.0,
1995-09-17,63931454163.0,
1995-09-18,63931454163.0,
1995-09-19,63931454163.0,
1995-09-20,64045971807.0,
1995-09-21,64309951299.0,
1995-09-22,64344701548.0,
1995-09-23,64344701548.0,
1995-09-24,64344701548.0,
1995-09-25,64340874988.0,
1995-09-26,64369046445.0,
1995-09-27,64289108730.0,
1995-09-28,64130172418.0,
1995-09-29,62105945080.0,
1995-09-30,62105945080.0,
1995-10-01,62105945080.0,
1995-10-02,64567372638.0,
1995-10-03,64593762135.0,
1995-10-04,64569157593.0,
1995-10-05,64591757076.0,
1995-10-06,64530327406.0,
1995-10-07,64530327406.0,
1995-10-08,64530327406.0,
1995-10-09,64627735808.0,
1995-10-10,64616383295.0,
1995-10-11,64610352284.0,
1995-10-12,64610352284.0,
1995-10-13,64669591584.0,
1995-10-14,64669591584.0,
1995-10-15,64669591584.0,
1995-10-16,64814776984.0,
1995-10-17,65184854255.0,
1995-10-18,65293191742.0,
1995-10-19,65497420969.0,
1995-10-20,65458217336.0,
1995-10-21,65458217336.0,
1995-10-22,65458217336.0,
1995-10-23,65463060414.0,
1995-10-24,65604005261.0,
1995-10-25,65804551816.0,
1995-10-26,66007176475.0,
1995-10-27,63993470721.0,
1995-10-28,63993470721.0,
1995-10-29,63993470721.0,
1995-10-30,67184349166.0,
1995-10-31,67258796891.0,
1995-11-01,67258796891.0,
1995-11-02,67348334055.0,
1995-11-03,67365419637.0,
1995-11-04,67365419637.0,
1995-11-05,67365419637.0,
1995-11-06,67299126700.0,
1995-11-07,67259937956.0,
1995-11-08,67243099728.0,
1995-11-09,67197501908.0,
1995-11-10,66960554311.0,
1995-11-11,66960554311.0,
1995-11-12,66960554311.0,
1995-11-13,66876763939.0,
1995-11-14,66861712854.0,
1995-11-15,66823362247.0,
1995-11-16,66785283152.0,
1995-11-17,67127508037.0,
1995-11-18,67127508037.0,
1995-11-19,67127508037.0,
1995-11-20,67111525017.0,
1995-11-21,67179896632.0,
1995-11-22,67219491670.0,
1995-11-23,67276482607.0,
1995-11-24,67262034391.0,
1995-11-25,67262034391.0,
1995-11-26,67262034391.0,
1995-11-27,67238591042.0,
1995-11-28,67301101474.0,
1995-11-29,63861337374.0,
1995-11-30,66122861882.0,
1995-12-01,66206723195.0,
1995-12-02,66206723195.0,
1995-12-03,66206723195.0,
1995-12-04,66276787033.0,
1995-12-05,66477075959.0,
1995-12-06,66621998005.0,
1995-12-07,66683895271.0,
1995-12-08,66683895271.0,
1995-12-09,66683895271.0,
1995-12-10,66683895271.0,
1995-12-11,66839831058.0,
1995-12-12,66883416055.0,
1995-12-13,66964772761.0,
1995-12-14,67087615514.0,
1995-12-15,67243712079.0,
1995-12-16,67243712079.0,
1995-12-17,67243712079.0,
1995-12-18,67763365714.0,
1995-12-19,67764315182.0,
1995-12-20,67849505006.0,
1995-12-21,67966680906.0,
1995-12-22,68121977195.0,
1995-12-23,68121977195.0,
1995-12-24,68121977195.0,
1995-12-25,68121977195.0,
1995-12-26,68261469017.0,
1995-12-27,68537096402.0,
1995-12-28,65928225244.0,
1995-12-29,68669331138.0,
1995-12-30,68669331138.0,
1995-12-31,68669331138.0,
1996-01-01,68669331138.0,
1996-01-02,68619827285.0,
1996-01-03,68621590798.0,
1996-01-04,68727103592.0,
1996-01-05,68799952024.0,
1996-01-06,68799952024.0,
1996-01-07,68799952024.0,
1996-01-08,68814143189.0,
1996-01-09,68832819743.0,
1996-01-10,68815673596.0,
1996-01-11,68813309534.0,
1996-01-12,68812788906.0,
1996-01-13,68812788906.0,
1996-01-14,68812788906.0,
1996-01-15,68882486912.0,
1996-01-16,68947104523.0,
1996-01-17,69370164873.0,
1996-01-18,69419801324.0,
1996-01-19,69539377597.0,
1996-01-20,69539377597.0,
1996-01-21,69539377597.0,
1996-01-22,69523948507.0,
1996-01-23,69428669410.0,
1996-01-24,69331252865.0,
1996-01-25,69276386271.0,
1996-01-26,69398402245.0,
1996-01-27,69398402245.0,
1996-01-28,69398402245.0,
1996-01-29,66651506386.0,
1996-01-30,70173854194.0,
1996-01-31,70163743091.0,
1996-02-01,70105659953.0,
1996-02-02,70066538600.0,
1996-02-03,70066538600.0,
1996-02-04,70066538600.0,
1996-02-05,70116517509.0,
1996-02-06,70078641787.0,
1996-02-07,70103834640.0,
1996-02-08,70136679765.0,
1996-02-09,70105677696.0,
1996-02-10,70105677696.0,
1996-02-11,70105677696.0,
1996-02-12,70157148914.0,
1996-02-13,70245040348.0,
1996-02-14,70289228972.0,
1996-02-15,70345943774.0,
1996-02-16,70733601077.0,
1996-02-17,70733601077.0,
1996-02-18,70733601077.0,
1996-02-19,70708515351.0,
1996-02-20,71039892385.0,
1996-02-21,70987894246.0,
1996-02-22,70983484302.0,
1996-02-23,70989394131.0,
1996-02-24,70989394131.0,
1996-02-25,70989394131.0,
1996-02-26,71014314489.0,
1996-02-27,71137375251.0,
1996-02-28,68372869528.0,
1996-02-29,71578376130.0,
1996-03-01,71586921456.0,
1996-03-02,71586921456.0,
1996-03-03,71586921456.0,
1996-03-04,71612237412.0,
1996-03-05,71678403140.0,
1996-03-06,71746311361.0,
1996-03-07,71690474210.0,
1996-03-08,71679215030.0,
1996-03-09,71679215030.0,
1996-03-10,71679215030.0,
1996-03-11,71661859023.0,
1996-03-12,71626284285.0,
1996-03-13,71598641026.0,
1996-03-14,71586530394.0,
1996-03-15,71616701845.0,
1996-03-16,71616701845.0,
1996-03-17,71616701845.0,
1996-03-18,71837143307.0,
1996-03-19,71873340835.0,
1996-03-20,71819179004.0,
1996-03-21,71812816779.0,
1996-03-22,71814232998.0,
1996-03-23,71814232998.0,
1996-03-24,71814232998.0,
1996-03-25,71875504961.0,
1996-03-26,71989745752.0,
1996-03-27,71933539020.0,
1996-03-28,69708777549.0,
1996-03-29,72196667509.0,
1996-03-30,72196667509.0,
1996-03-31,72196667509.0,
1996-04-01,72250032815.0,
1996-04-02,72206396002.0,
1996-04-03,72126703374.0,
1996-04-04,72080968566.0,
1996-04-05,72080968566.0,
1996-04-06,72080968566.0,
1996-04-07,72080968566.0,
1996-04-08,72037296716.0,
1996-04-09,71903764556.0,
1996-04-10,71845454060.0,
1996-04-11,71807526495.0,
1996-04-12,71799033462.0,
1996-04-13,71799033462.0,
1996-04-14,71799033462.0,
1996-04-15,71865995542.0,
1996-04-16,72236285308.0,
1996-04-17,72206875293.0,
1996-04-18,72368757900.0,
1996-04-19,72533709986.0,
1996-04-20,72533709986.0,
1996-04-21,72533709986.0,
1996-04-22,72689648296.0,
1996-04-23,72925720379.0,
1996-04-24,73140561598.0,
1996-04-25,73266298879.0,
1996-04-26,73465655525.0,
1996-04-27,73465655525.0,
1996-04-28,73465655525.0,
1996-04-29,71554493877.0,
1996-04-30,74503434093.0,
1996-05-01,74503434093.0,
1996-05-02,74590320016.0,
1996-05-03,74724500632.0,
1996-05-04,74724500632.0,
1996-05-05,74724500632.0,
1996-05-06,74876306656.0,
1996-05-07,74963456304.0,
1996-05-08,75068909837.0,
1996-05-09,75168561475.0,
1996-05-10,75319719121.0,
1996-05-11,75319719121.0,
1996-05-12,75319719121.0,
1996-05-13,75504278992.0,
1996-05-14,75581908937.0,
1996-05-15,75638411554.0,
1996-05-16,76140251642.0,
1996-05-17,76132993781.0,
1996-05-18,76132993781.0,
1996-05-19,76132993781.0,
1996-05-20,76237931170.0,
1996-05-21,76237931170.0,
1996-05-22,76288847305.0,
1996-05-23,76297746227.0,
1996-05-24,76406222825.0,
1996-05-25,76406222825.0,
1996-05-26,76406222825.0,
1996-05-27,76360961439.0,
1996-05-28,76354884074.0,
1996-05-29,76340461741.0,
1996-05-30,74484900697.0,
1996-05-31,76627227168.0,
1996-06-01,76627227168.0,
1996-06-02,76627227168.0,
1996-06-03,76675647297.0,
1996-06-04,76562045535.0,
1996-06-05,76490156816.0,
1996-06-06,76490156816.0,
1996-06-07,76444415321.0,
1996-06-08,76444415321.0,
1996-06-09,76444415321.0,
1996-06-10,76504789218.0,
1996-06-11,76487179734.0,
1996-06-12,76875456982.0,
1996-06-13,76931955738.0,
1996-06-14,77188697235.0,
1996-06-15,77188697235.0,
1996-06-16,77188697235.0,
1996-06-17,77398290208.0,
1996-06-18,77424145055.0,
1996-06-19,77515250706.0,
1996-06-20,77677905055.0,
1996-06-21,77842014311.0,
1996-06-22,77842014311.0,
1996-06-23,77842014311.0,
1996-06-24,78174448480.0,
1996-06-25,78307202641.0,
1996-06-26,78376658369.0,
1996-06-27,74897503228.0,
1996-06-28,78653120130.0,
1996-06-29,78653120130.0,
1996-06-30,78653120130.0,
1996-07-01,78774108070.0,
1996-07-02,78839704771.0,
1996-07-03,79053467148.0,
1996-07-04,79255504938.0,
1996-07-05,79490042683.0,
1996-07-06,79490042683.0,
1996-07-07,79490042683.0,
1996-07-08,79654496671.0,
1996-07-09,79713076028.0,
1996-07-10,79780908529.0,
1996-07-11,79866310746.0,
1996-07-12,80006619269.0,
1996-07-13,80006619269.0,
1996-07-14,80006619269.0,
1996-07-15,80637710849.0,
1996-07-16,80640216679.0,
1996-07-17,80626205276.0,
1996-07-18,80616947751.0,
1996-07-19,80575049907.0,
1996-07-20,80575049907.0,
1996-07-21,80575049907.0,
1996-07-22,80704230285.0,
1996-07-23,80620398882.0,
1996-07-24,80584408805.0,
1996-07-25,80500812972.0,
1996-07-26,80418593337.0,
1996-07-27,80418593337.0,
1996-07-28,80418593337.0,
1996-07-29,77230509007.0,
1996-07-30,80893912244.0,
1996-07-31,80940551648.0,
1996-08-01,80952827649.0,
1996-08-02,81010059490.0,
1996-08-03,81010059490.0,
1996-08-04,81010059490.0,
1996-08-05,81057276500.0,
1996-08-06,81045494402.0,
1996-08-07,81021917893.0,
1996-08-08,81065329216.0,
1996-08-09,81061618677.0,
1996-08-10,81061618677.0,
1996-08-11,81061618677.0,
1996-08-12,81078939748.0,
1996-08-13,81050628316.0,
1996-08-14,81068680710.0,
1996-08-15,81068680710.0,
1996-08-16,81056592439.0,
1996-08-17,81056592439.0,
1996-08-18,81056592439.0,
1996-08-19,81143821276.0,
1996-08-20,81708668357.0,
1996-08-21,81567417230.0,
1996-08-22,81551346488.0,
1996-08-23,81553081317.0,
1996-08-24,81553081317.0,
1996-08-25,81553081317.0,
1996-08-26,81656622634.0,
1996-08-27,81606557870.0,
1996-08-28,81816757838.0,
1996-08-29,78832367008.0,
1996-08-30,82326645371.0,
1996-08-31,82326645371.0,
1996-09-01,82326645371.0,
1996-09-02,82283536807.0,
1996-09-03,82245324848.0,
1996-09-04,82222825018.0,
1996-09-05,82050194756.0,
1996-09-06,82010346252.0,
1996-09-07,82010346252.0,
1996-09-08,82010346252.0,
1996-09-09,82013751439.0,
1996-09-10,82064645392.0,
1996-09-11,82064645392.0,
1996-09-12,82074312210.0,
1996-09-13,82114712722.0,
1996-09-14,82114712722.0,
1996-09-15,82114712722.0,
1996-09-16,82481866387.0,
1996-09-17,82555463214.0,
1996-09-18,82555463214.0,
1996-09-19,82555463214.0,
1996-09-20,82632994657.0,
1996-09-21,82632994657.0,
1996-09-22,82632994657.0,
1996-09-23,82718146691.0,
1996-09-24,82796516302.0,
1996-09-25,82959465285.0,
1996-09-26,83169787153.0,
1996-09-27,80737938420.0,
1996-09-28,80737938420.0,
1996-09-29,80737938420.0,
1996-09-30,84630787079.0,
1996-10-01,84605932500.0,
1996-10-02,84667978999.0,
1996-10-03,84748704418.0,
1996-10-04,84680399221.0,
1996-10-05,84680399221.0,
1996-10-06,84680399221.0,
1996-10-07,84763551626.0,
1996-10-08,84831045752.0,
1996-10-09,84925250475.0,
1996-10-10,85109126430.0,
1996-10-11,85203699327.0,
1996-10-12,85203699327.0,
1996-10-13,85203699327.0,
1996-10-14,85437317386.0,
1996-10-15,85484061413.0,
1996-10-16,86098484581.0,
1996-10-17,86100776704.0,
1996-10-18,86184319637.0,
1996-10-19,86184319637.0,
1996-10-20,86184319637.0,
1996-10-21,86231181440.0,
1996-10-22,86221583105.0,
1996-10-23,86338591752.0,
1996-10-24,86196437062.0,
1996-10-25,86127389202.0,
1996-10-26,86127389202.0,
1996-10-27,86127389202.0,
1996-10-28,86179719382.0,
1996-10-29,83646987938.0,
1996-10-30,87132531021.0,
1996-10-31,87294629242.0,
1996-11-01,87294629242.0,
1996-11-02,87294629242.0,
1996-11-03,87294629242.0,
1996-11-04,87160252287.0,
1996-11-05,86926455925.0,
1996-11-06,86913849166.0,
1996-11-07,86878511308.0,
1996-11-08,86844870689.0,
1996-11-09,86844870689.0,
1996-11-10,86844870689.0,
1996-11-11,86761287544.0,
1996-11-12,86699924675.0,
1996-11-13,86649090593.0,
1996-11-14,86658031317.0,
1996-11-15,86650473870.0,
1996-11-16,86650473870.0,
1996-11-17,86650473870.0,
1996-11-18,86682593515.0,
1996-11-19,86595413146.0,
1996-11-20,86590818214.0,
1996-11-21,86940168930.0,
1996-11-22,86905873438.0,
1996-11-23,86905873438.0,
1996-11-24,86905873438.0,
1996-11-25,86995367023.0,
1996-11-26,87026304443.0,
1996-11-27,87003148049.0,
1996-11-28,84313279224.0,
1996-11-29,87687388086.0,
1996-11-30,87687388086.0,
1996-12-01,87687388086.0,
1996-12-02,87638693815.0,
1996-12-03,87631239260.0,
1996-12-04,87524324456.0,
1996-12-05,87494106089.0,
1996-12-06,87430117174.0,
1996-12-07,87430117174.0,
1996-12-08,87430117174.0,
1996-12-09,87291627867.0,
1996-12-10,87064440986.0,
1996-12-11,87032169050.0,
1996-12-12,86946818073.0,
1996-12-13,86855790078.0,
1996-12-14,86855790078.0,
1996-12-15,86855790078.0,
1996-12-16,86900207095.0,
1996-12-17,87234379377.0,
1996-12-18,86967563525.0,
1996-12-19,86991129561.0,
1996-12-20,86921922147.0,
1996-12-21,86921922147.0,
1996-12-22,86921922147.0,
1996-12-23,87031744097.0,
1996-12-24,86990909042.0,
1996-12-25,86990909042.0,
1996-12-26,86946067860.0,
1996-12-27,86980752417.0,
1996-12-28,86980752417.0,
1996-12-29,86980752417.0,
1996-12-30,85002067669.0,
1996-12-31,88136365189.0,
1997-01-01,88136365189.0,
1997-01-02,88067292701.0,
1997-01-03,88116219314.0,
1997-01-04,88116219314.0,
1997-01-05,88116219314.0,
1997-01-06,88200586734.0,
1997-01-07,88473732847.0,
1997-01-08,88734403054.0,
1997-01-09,89026090540.0,
1997-01-10,89215603575.0,
1997-01-11,89215603575.0,
1997-01-12,89215603575.0,
1997-01-13,89353608295.0,
1997-01-14,89397621744.0,
1997-01-15,89587289365.0,
1997-01-16,90299376686.0,
1997-01-17,90522347789.0,
1997-01-18,90522347789.0,
1997-01-19,90522347789.0,
1997-01-20,90640213491.0,
1997-01-21,91030703975.0,
1997-01-22,91337540562.0,
1997-01-23,91361392064.0,
1997-01-24,91360714768.0,
1997-01-25,91360714768.0,
1997-01-26,91360714768.0,
1997-01-27,91437437516.0,
1997-01-28,91527665701.0,
1997-01-29,91661796317.0,
1997-01-30,88448246656.0,
1997-01-31,92701439206.0,
1997-02-01,92701439206.0,
1997-02-02,92701439206.0,
1997-02-03,92727493594.0,
1997-02-04,92666432792.0,
1997-02-05,92503618651.0,
1997-02-06,92402197909.0,
1997-02-07,92372449939.0,
1997-02-08,92372449939.0,
1997-02-09,92372449939.0,
1997-02-10,92599507906.0,
1997-02-11,92983830347.0,
1997-02-12,93197000671.0,
1997-02-13,93301742040.0,
1997-02-14,93417102220.0,
1997-02-15,93417102220.0,
1997-02-16,93417102220.0,
1997-02-17,93633690480.0,
1997-02-18,94045081367.0,
1997-02-19,94621502571.0,
1997-02-20,94744984318.0,
1997-02-21,94810002902.0,
1997-02-22,94810002902.0,
1997-02-23,94810002902.0,
1997-02-24,94625042086.0,
1997-02-25,94637725256.0,
1997-02-26,94725822572.0,
1997-02-27,91731869188.0,
1997-02-28,95239898369.0,
1997-03-01,95239898369.0,
1997-03-02,95239898369.0,
1997-03-03,95275153906.0,
1997-03-04,95287251920.0,
1997-03-05,95314725958.0,
1997-03-06,95291573703.0,
1997-03-07,95294727295.0,
1997-03-08,95294727295.0,
1997-03-09,95294727295.0,
1997-03-10,95355200750.0,
1997-03-11,95429928285.0,
1997-03-12,95494795894.0,
1997-03-13,95514487077.0,
1997-03-14,95890365280.0,
1997-03-15,95890365280.0,
1997-03-16,95890365280.0,
1997-03-17,95923602482.0,
1997-03-18,96498064250.0,
1997-03-19,96541360852.0,
1997-03-20,96545874701.0,
1997-03-21,96422636024.0,
1997-03-22,96422636024.0,
1997-03-23,96422636024.0,
1997-03-24,96318724785.0,
1997-03-25,96222774236.0,
1997-03-26,96044140608.0,
1997-03-27,93706943263.0,
1997-03-28,93706943263.0,
1997-03-29,93706943263.0,
1997-03-30,93706943263.0,
1997-03-31,96733640470.0,
1997-04-01,96704174931.0,
1997-04-02,96638395242.0,
1997-04-03,96720967962.0,
1997-04-04,96900023863.0,
1997-04-05,96900023863.0,
1997-04-06,96900023863.0,
1997-04-07,97166738424.0,
1997-04-08,97286524533.0,
1997-04-09,97361938842.0,
1997-04-10,97418867116.0,
1997-04-11,97556493836.0,
1997-04-12,97556493836.0,
1997-04-13,97556493836.0,
1997-04-14,97713928408.0,
1997-04-15,97796007867.0,
1997-04-16,97836961820.0,
1997-04-17,97872226675.0,
1997-04-18,98436392508.0,
1997-04-19,98436392508.0,
1997-04-20,98436392508.0,
1997-04-21,98514006985.0,
1997-04-22,98561843188.0,
1997-04-23,98717391196.0,
1997-04-24,98579499931.0,
1997-04-25,98630899595.0,
1997-04-26,98630899595.0,
1997-04-27,98630899595.0,
1997-04-28,98641044927.0,
1997-04-29,96335527008.0,
1997-04-30,99285478605.0,
1997-05-01,99285478605.0,
1997-05-02,99336531852.0,
1997-05-03,99336531852.0,
1997-05-04,99336531852.0,
1997-05-05,99375124073.0,
1997-05-06,99406815784.0,
1997-05-07,99468330684.0,
1997-05-08,99547864568.0,
1997-05-09,99594432004.0,
1997-05-10,99594432004.0,
1997-05-11,99594432004.0,
1997-05-12,99637477847.0,
1997-05-13,99596613348.0,
1997-05-14,99623697832.0,
1997-05-15,99717435719.0,
1997-05-16,99793482398.0,
1997-05-17,99793482398.0,
1997-05-18,99793482398.0,
1997-05-19,99862481282.0,
1997-05-20,1.00263231777e+11,
1997-05-21,1.00263231777e+11,
1997-05-22,1.00441351393e+11,
1997-05-23,1.00642557552e+11,
1997-05-24,1.00642557552e+11,
1997-05-25,1.00642557552e+11,
1997-05-26,1.00880186797e+11,
1997-05-27,1.01116723055e+11,
1997-05-28,99265076225.0,
1997-05-29,99265076225.0,
1997-05-30,1.02002760528e+11,
1997-05-31,1.02002760528e+11,
1997-06-01,1.02002760528e+11,
1997-06-02,1.02071957832e+11,
1997-06-03,1.02396838073e+11,
1997-06-04,1.02671670857e+11,
1997-06-05,1.02953972933e+11,
1997-06-06,1.03133522869e+11,
1997-06-07,1.03133522869e+11,
1997-06-08,1.03133522869e+11,
1997-06-09,1.03395144703e+11,
1997-06-10,1.03477614351e+11,
1997-06-11,1.03598140255e+11,
1997-06-12,1.03695735106e+11,
1997-06-13,1.03839022677e+11,
1997-06-14,1.03839022677e+11,
1997-06-15,1.03839022677e+11,
1997-06-16,1.04103375231e+11,
1997-06-17,1.04257620722e+11,
1997-06-18,1.04291278281e+11,
1997-06-19,1.04892928603e+11,
1997-06-20,1.04798908059e+11,
1997-06-21,1.04798908059e+11,
1997-06-22,1.04798908059e+11,
1997-06-23,1.048713499e+11,
1997-06-24,1.05081127831e+11,
1997-06-25,1.05031245664e+11,
1997-06-26,1.05045038449e+11,
1997-06-27,1.04939591023e+11,
1997-06-28,1.04939591023e+11,
1997-06-29,1.04939591023e+11,
1997-06-30,1.04879215666e+11,
1997-07-01,1.0488672235e+11,
1997-07-02,1.04836008865e+11,
1997-07-03,1.04788072538e+11,
1997-07-04,1.04822105126e+11,
1997-07-05,1.04822105126e+11,
1997-07-06,1.04822105126e+11,
1997-07-07,1.04970562525e+11,
1997-07-08,1.0511188737e+11,
1997-07-09,1.05151322145e+11,
1997-07-10,1.05181280952e+11,
1997-07-11,1.05295099731e+11,
1997-07-12,1.05295099731e+11,
1997-07-13,1.05295099731e+11,
1997-07-14,1.05450239871e+11,
1997-07-15,1.05514429809e+11,
1997-07-16,1.05584575075e+11,
1997-07-17,1.0562795483e+11,
1997-07-18,1.05508798614e+11,
1997-07-19,1.05508798614e+11,
1997-07-20,1.05508798614e+11,
1997-07-21,1.06419407654e+11,
1997-07-22,1.06229987858e+11,
1997-07-23,1.06041953721e+11,
1997-07-24,1.05891827789e+11,
1997-07-25,1.06013163927e+11,
1997-07-26,1.06013163927e+11,
1997-07-27,1.06013163927e+11,
1997-07-28,1.06012060215e+11,
1997-07-29,1.05909055834e+11,
1997-07-30,1.05531927732e+11,
1997-07-31,1.05638858008e+11,
1997-08-01,1.0561014719e+11,
1997-08-02,1.0561014719e+11,
1997-08-03,1.0561014719e+11,
1997-08-04,1.05653320347e+11,
1997-08-05,1.05723311349e+11,
1997-08-06,1.05875906876e+11,
1997-08-07,1.05961396416e+11,
1997-08-08,1.06034371485e+11,
1997-08-09,1.06034371485e+11,
1997-08-10,1.06034371485e+11,
1997-08-11,1.06115106558e+11,
1997-08-12,1.05933879642e+11,
1997-08-13,1.05904168844e+11,
1997-08-14,1.05907071146e+11,
1997-08-15,1.05907071146e+11,
1997-08-16,1.05907071146e+11,
1997-08-17,1.05907071146e+11,
1997-08-18,1.05957764492e+11,
1997-08-19,1.05842876064e+11,
1997-08-20,1.05769751158e+11,
1997-08-21,1.0588710784e+11,
1997-08-22,1.05935474728e+11,
1997-08-23,1.05935474728e+11,
1997-08-24,1.05935474728e+11,
1997-08-25,1.0602866962e+11,
1997-08-26,1.06268958854e+11,
1997-08-27,1.0621776514e+11,
1997-08-28,1.05273845922e+11,
1997-08-29,1.05213030879e+11,
1997-08-30,1.05213030879e+11,
1997-08-31,1.05213030879e+11,
1997-09-01,1.05175690438e+11,
1997-09-02,1.05114167378e+11,
1997-09-03,1.04893214815e+11,
1997-09-04,1.05031987363e+11,
1997-09-05,1.05060355219e+11,
1997-09-06,1.05060355219e+11,
1997-09-07,1.05060355219e+11,
1997-09-08,1.05092571224e+11,
1997-09-09,1.05106505694e+11,
1997-09-10,1.05109615325e+11,
1997-09-11,1.05109615325e+11,
1997-09-12,1.05172389423e+11,
1997-09-13,1.05172389423e+11,
1997-09-14,1.05172389423e+11,
1997-09-15,1.05293807019e+11,
1997-09-16,1.05272339385e+11,
1997-09-17,1.05352475738e+11,
1997-09-18,1.05352475738e+11,
1997-09-19,1.05352475738e+11,
1997-09-20,1.05352475738e+11,
1997-09-21,1.05352475738e+11,
1997-09-22,1.05464641703e+11,
1997-09-23,1.05406348851e+11,
1997-09-24,1.051777459e+11,
1997-09-25,1.05490559865e+11,
1997-09-26,1.05375499727e+11,
1997-09-27,1.05375499727e+11,
1997-09-28,1.05375499727e+11,
1997-09-29,1.04546334484e+11,
1997-09-30,1.04496586181e+11,
1997-10-01,1.04427070791e+11,
1997-10-02,1.04253379338e+11,
1997-10-03,1.04220327731e+11,
1997-10-04,1.04220327731e+11,
1997-10-05,1.04220327731e+11,
1997-10-06,1.04296185712e+11,
1997-10-07,1.0420693957e+11,
1997-10-08,1.04143710517e+11,
1997-10-09,1.03944551539e+11,
1997-10-10,1.03798189151e+11,
1997-10-11,1.03798189151e+11,
1997-10-12,1.03798189151e+11,
1997-10-13,1.03807222755e+11,
1997-10-14,1.03755566892e+11,
1997-10-15,1.03556597934e+11,
1997-10-16,1.03444843207e+11,
1997-10-17,1.03372487704e+11,
1997-10-18,1.03372487704e+11,
1997-10-19,1.03372487704e+11,
1997-10-20,1.03248302217e+11,
1997-10-21,1.0306983362e+11,
1997-10-22,1.03485203697e+11,
1997-10-23,1.03525995878e+11,
1997-10-24,1.03582306982e+11,
1997-10-25,1.03582306982e+11,
1997-10-26,1.03582306982e+11,
1997-10-27,1.03671882302e+11,
1997-10-28,1.03635133116e+11,
1997-10-29,1.02749762136e+11,
1997-10-30,1.01411442805e+11,
1997-10-31,1.01412124792e+11,
1997-11-01,1.01412124792e+11,
1997-11-02,1.01412124792e+11,
1997-11-03,1.01232100698e+11,
1997-11-04,1.01294928853e+11,
1997-11-05,1.01314382988e+11,
1997-11-06,1.01271189499e+11,
1997-11-07,1.01243679589e+11,
1997-11-08,1.01243679589e+11,
1997-11-09,1.01243679589e+11,
1997-11-10,1.01265079744e+11,
1997-11-11,1.01106568107e+11,
1997-11-12,1.01537733326e+11,
1997-11-13,1.01551153218e+11,
1997-11-14,1.01494146044e+11,
1997-11-15,1.01494146044e+11,
1997-11-16,1.01494146044e+11,
1997-11-17,1.01456966927e+11,
1997-11-18,1.01323158974e+11,
1997-11-19,1.01379146544e+11,
1997-11-20,1.01908590009e+11,
1997-11-21,1.01867119979e+11,
1997-11-22,1.01867119979e+11,
1997-11-23,1.01867119979e+11,
1997-11-24,1.01847238667e+11,
1997-11-25,1.01906423519e+11,
1997-11-26,1.02034450971e+11,
1997-11-27,1.01035137477e+11,
1997-11-28,1.01106272085e+11,
1997-11-29,1.01106272085e+11,
1997-11-30,1.01106272085e+11,
1997-12-01,1.01307039148e+11,
1997-12-02,1.01219086676e+11,
1997-12-03,1.01243649464e+11,
1997-12-04,1.01247028321e+11,
1997-12-05,1.01410219141e+11,
1997-12-06,1.01410219141e+11,
1997-12-07,1.01410219141e+11,
1997-12-08,1.01410219141e+11,
1997-12-09,1.01628602491e+11,
1997-12-10,1.01570814382e+11,
1997-12-11,1.01570814382e+11,
1997-12-12,1.01589513294e+11,
1997-12-13,1.01589513294e+11,
1997-12-14,1.01589513294e+11,
1997-12-15,1.01537229487e+11,
1997-12-16,1.01428166761e+11,
1997-12-17,1.01319044425e+11,
1997-12-18,1.01339271584e+11,
1997-12-19,1.01261572931e+11,
1997-12-20,1.01261572931e+11,
1997-12-21,1.01261572931e+11,
1997-12-22,1.01209606384e+11,
1997-12-23,1.01578705318e+11,
1997-12-24,1.01415097282e+11,
1997-12-25,1.01415097282e+11,
1997-12-26,1.01237959024e+11,
1997-12-27,1.01237959024e+11,
1997-12-28,1.01237959024e+11,
1997-12-29,1.01236220286e+11,
1997-12-30,99516951080.0,
1997-12-31,99390358649.0,
1998-01-01,99390358649.0,
1998-01-02,99438963723.0,
1998-01-03,99438963723.0,
1998-01-04,99438963723.0,
1998-01-05,99479794547.0,
1998-01-06,99523683752.0,
1998-01-07,99475938644.0,
1998-01-08,99536550100.0,
1998-01-09,99471129204.0,
1998-01-10,99471129204.0,
1998-01-11,99471129204.0,
1998-01-12,99209351087.0,
1998-01-13,98657585386.0,
1998-01-14,98454017562.0,
1998-01-15,98091042200.0,
1998-01-16,97963890382.0,
1998-01-17,97963890382.0,
1998-01-18,97963890382.0,
1998-01-19,98098903677.0,
1998-01-20,97856313500.0,
1998-01-21,97609820826.0,
1998-01-22,97505323597.0,
1998-01-23,97194745912.0,
1998-01-24,97194745912.0,
1998-01-25,97194745912.0,
1998-01-26,97029028310.0,
1998-01-27,96943773703.0,
1998-01-28,96519399423.0,
1998-01-29,93247303851.0,
1998-01-30,93410103396.0,
1998-01-31,93410103396.0,
1998-02-01,93410103396.0,
1998-02-02,93452651479.0,
1998-02-03,93459137926.0,
1998-02-04,93733792130.0,
1998-02-05,93820758162.0,
1998-02-06,93917704458.0,
1998-02-07,93917704458.0,
1998-02-08,93917704458.0,
1998-02-09,94022878745.0,
1998-02-10,93998675291.0,
1998-02-11,94038083575.0,
1998-02-12,94174343153.0,
1998-02-13,94451056613.0,
1998-02-14,94451056613.0,
1998-02-15,94451056613.0,
1998-02-16,94640574713.0,
1998-02-17,94784023202.0,
1998-02-18,94824719885.0,
1998-02-19,95229194485.0,
1998-02-20,95419039074.0,
1998-02-21,95419039074.0,
1998-02-22,95419039074.0,
1998-02-23,95689309912.0,
1998-02-24,95733399015.0,
1998-02-25,96437265746.0,
1998-02-26,95498556734.0,
1998-02-27,95691208578.0,
1998-02-28,95691208578.0,
1998-03-01,95691208578.0,
1998-03-02,96018519821.0,
1998-03-03,96123736095.0,
1998-03-04,96183239615.0,
1998-03-05,96333272633.0,
1998-03-06,96437562231.0,
1998-03-07,96437562231.0,
1998-03-08,96437562231.0,
1998-03-09,96650729447.0,
1998-03-10,96668929028.0,
1998-03-11,96754309862.0,
1998-03-12,96795637164.0,
1998-03-13,96963597369.0,
1998-03-14,96963597369.0,
1998-03-15,96963597369.0,
1998-03-16,97227642044.0,
1998-03-17,97752624830.0,
1998-03-18,97863731026.0,
1998-03-19,98102573518.0,
1998-03-20,98790422627.0,
1998-03-21,98790422627.0,
1998-03-22,98790422627.0,
1998-03-23,98996200561.0,
1998-03-24,99045081643.0,
1998-03-25,99046440534.0,
1998-03-26,99171076027.0,
1998-03-27,98972335449.0,
1998-03-28,98972335449.0,
1998-03-29,98972335449.0,
1998-03-30,97967987949.0,
1998-03-31,97945965240.0,
1998-04-01,98017510508.0,
1998-04-02,97953904247.0,
1998-04-03,98084992698.0,
1998-04-04,98084992698.0,
1998-04-05,98084992698.0,
1998-04-06,98094040485.0,
1998-04-07,98099314619.0,
1998-04-08,98078418913.0,
1998-04-09,98055961266.0,
1998-04-10,98055961266.0,
1998-04-11,98055961266.0,
1998-04-12,98055961266.0,
1998-04-13,98128219763.0,
1998-04-14,98073920921.0,
1998-04-15,98112732310.0,
1998-04-16,98149087580.0,
1998-04-17,98064286448.0,
1998-04-18,98064286448.0,
1998-04-19,98064286448.0,
1998-04-20,98233468223.0,
1998-04-21,98103445221.0,
1998-04-22,98024672407.0,
1998-04-23,98034677700.0,
1998-04-24,97950042478.0,
1998-04-25,97950042478.0,
1998-04-26,97950042478.0,
1998-04-27,97809860277.0,
1998-04-28,97775793938.0,
1998-04-29,97599514387.0,
1998-04-30,96548527414.0,
1998-05-01,96548527414.0,
1998-05-02,96548527414.0,
1998-05-03,96548527414.0,
1998-05-04,96254573584.0,
1998-05-05,96239729378.0,
1998-05-06,96178914458.0,
1998-05-07,96252974936.0,
1998-05-08,96224669422.0,
1998-05-09,96224669422.0,
1998-05-10,96224669422.0,
1998-05-11,96261931312.0,
1998-05-12,96166087406.0,
1998-05-13,96213626273.0,
1998-05-14,96135042373.0,
1998-05-15,96074983688.0,
1998-05-16,96074983688.0,
1998-05-17,96074983688.0,
1998-05-18,96109052984.0,
1998-05-19,96024548689.0,
1998-05-20,96191799618.0,
1998-05-21,96191799618.0,
1998-05-22,96098199472.0,
1998-05-23,96098199472.0,
1998-05-24,96098199472.0,
1998-05-25,96075902245.0,
1998-05-26,95882387397.0,
1998-05-27,95921423408.0,
1998-05-28,95970949702.0,
1998-05-29,94331999933.0,
1998-05-30,94331999933.0,
1998-05-31,94331999933.0,
1998-06-01,94150423985.0,
1998-06-02,94160307757.0,
1998-06-03,93902146260.0,
1998-06-04,93859118180.0,
1998-06-05,93849656218.0,
1998-06-06,93849656218.0,
1998-06-07,93849656218.0,
1998-06-08,93945494928.0,
1998-06-09,93936025886.0,
1998-06-10,93841424955.0,
1998-06-11,93841424955.0,
1998-06-12,93905435761.0,
1998-06-13,93905435761.0,
1998-06-14,93905435761.0,
1998-06-15,93987993193.0,
1998-06-16,93871744574.0,
1998-06-17,93601578021.0,
1998-06-18,93556013597.0,
1998-06-19,93142997754.0,
1998-06-20,93142997754.0,
1998-06-21,93142997754.0,
1998-06-22,93184813327.0,
1998-06-23,92981332650.0,
1998-06-24,92847928057.0,
1998-06-25,92750929914.0,
1998-06-26,92675885792.0,
1998-06-27,92675885792.0,
1998-06-28,92675885792.0,
1998-06-29,92675885792.0,
1998-06-30,91205270655.0,
1998-07-01,91301174536.0,
1998-07-02,91253134896.0,
1998-07-03,91156528992.0,
1998-07-04,91156528992.0,
1998-07-05,91156528992.0,
1998-07-06,90787551599.0,
1998-07-07,90711939082.0,
1998-07-08,90703782800.0,
1998-07-09,90843229361.0,
1998-07-10,90847873920.0,
1998-07-11,90847873920.0,
1998-07-12,90847873920.0,
1998-07-13,91162854723.0,
1998-07-14,91053656004.0,
1998-07-15,91151846498.0,
1998-07-16,91901770163.0,
1998-07-17,92019667786.0,
1998-07-18,92019667786.0,
1998-07-19,92019667786.0,
1998-07-20,92177016697.0,
1998-07-21,92399034595.0,
1998-07-22,92717036433.0,
1998-07-23,93131453596.0,
1998-07-24,93086951477.0,
1998-07-25,93086951477.0,
1998-07-26,93086951477.0,
1998-07-27,93285416419.0,
1998-07-28,93259737701.0,
1998-07-29,93296573970.0,
1998-07-30,91647908200.0,
1998-07-31,91637457820.0,
1998-08-01,91637457820.0,
1998-08-02,91637457820.0,
1998-08-03,91588115326.0,
1998-08-04,91466639393.0,
1998-08-05,91076830200.0,
1998-08-06,90942681082.0,
1998-08-07,90854429962.0,
1998-08-08,90854429962.0,
1998-08-09,90854429962.0,
1998-08-10,90827903097.0,
1998-08-11,90813225508.0,
1998-08-12,90505938559.0,
1998-08-13,90304198143.0,
1998-08-14,90092307865.0,
1998-08-15,90092307865.0,
1998-08-16,90092307865.0,
1998-08-17,90154819608.0,
1998-08-18,89940206691.0,
1998-08-19,89969788010.0,
1998-08-20,89795152521.0,
1998-08-21,90016191144.0,
1998-08-22,90016191144.0,
1998-08-23,90016191144.0,
1998-08-24,89652961844.0,
1998-08-25,89435102256.0,
1998-08-26,89150340285.0,
1998-08-27,88898650721.0,
1998-08-28,88472788745.0,
1998-08-29,88472788745.0,
1998-08-30,88472788745.0,
1998-08-31,86419122125.0,
1998-09-01,85884369910.0,
1998-09-02,85082915826.0,
1998-09-03,84666600151.0,
1998-09-04,84463360217.0,
1998-09-05,84463360217.0,
1998-09-06,84463360217.0,
1998-09-07,83779610585.0,
1998-09-08,83427350040.0,
1998-09-09,82796643091.0,
1998-09-10,82208352085.0,
1998-09-11,82208352085.0,
1998-09-12,82208352085.0,
1998-09-13,82208352085.0,
1998-09-14,81612144296.0,
1998-09-15,81154612654.0,
1998-09-16,80270562293.0,
1998-09-17,80612284316.0,
1998-09-18,80612284316.0,
1998-09-19,80612284316.0,
1998-09-20,80612284316.0,
1998-09-21,81040896451.0,
1998-09-22,81776270409.0,
1998-09-23,81684290050.0,
1998-09-24,82000899540.0,
1998-09-25,81925700939.0,
1998-09-26,81925700939.0,
1998-09-27,81925700939.0,
1998-09-28,82631645304.0,
1998-09-29,82477930509.0,
1998-09-30,82859123983.0,
1999-01-01,1.80747649789e+11,
1999-01-02,1.80747649789e+11,
1999-01-03,1.80747649789e+11,
1999-01-04,1.80850011463e+11,
1999-01-05,1.81294192984e+11,
1999-01-06,1.81666431e+11,
1999-01-07,1.82102402413e+11,
1999-01-08,1.81923404864e+11,
1999-01-09,1.81923404864e+11,
1999-01-10,1.81923404864e+11,
1999-01-11,1.82316651496e+11,
1999-01-12,1.82252618924e+11,
1999-01-13,1.82294802486e+11,
1999-01-14,1.81835291217e+11,
1999-01-15,1.81541255854e+11,
1999-01-16,1.81541255854e+11,
1999-01-17,1.81541255854e+11,
1999-01-18,1.81370731926e+11,
1999-01-19,1.81109024875e+11,
1999-01-20,1.81800210678e+11,
1999-01-21,1.81826668976e+11,
1999-01-22,1.8183305323e+11,
1999-01-23,1.8183305323e+11,
1999-01-24,1.8183305323e+11,
1999-01-25,1.82373264824e+11,
1999-01-26,1.82480271964e+11,
1999-01-27,1.83281856626e+11,
1999-01-28,1.84590323559e+11,
1999-01-29,1.84358550684e+11,
1999-01-30,1.84358550684e+11,
1999-01-31,1.84358550684e+11,
1999-02-01,1.85288836229e+11,
1999-02-02,1.85593632929e+11,
1999-02-03,1.85941708324e+11,
1999-02-04,1.86167067562e+11,
1999-02-05,1.86588891112e+11,
1999-02-06,1.86588891112e+11,
1999-02-07,1.86588891112e+11,
1999-02-08,1.86767713061e+11,
1999-02-09,1.86790629006e+11,
1999-02-10,1.86831545964e+11,
1999-02-11,1.87026455568e+11,
1999-02-12,1.87206847418e+11,
1999-02-13,1.87206847418e+11,
1999-02-14,1.87206847418e+11,
1999-02-15,1.87538395765e+11,
1999-02-16,1.87672371531e+11,
1999-02-17,1.88033517248e+11,
1999-02-18,1.88067379709e+11,
1999-02-19,1.88289395873e+11,
1999-02-20,1.88289395873e+11,
1999-02-21,1.88289395873e+11,
1999-02-22,1.88434712893e+11,
1999-02-23,1.88941736831e+11,
1999-02-24,1.89186206197e+11,
1999-02-25,1.89257299262e+11,
1999-02-26,1.88394184084e+11,
1999-02-27,1.88394184084e+11,
1999-02-28,1.88394184084e+11,
1999-03-01,1.88747509106e+11,
1999-03-02,1.88549753977e+11,
1999-03-03,1.88398542767e+11,
1999-03-04,1.88432423118e+11,
1999-03-05,1.88689870279e+11,
1999-03-06,1.88689870279e+11,
1999-03-07,1.88689870279e+11,
1999-03-08,1.89070298161e+11,
1999-03-09,1.89263691297e+11,
1999-03-10,1.89388311912e+11,
1999-03-11,1.89715683906e+11,
1999-03-12,1.89828266903e+11,
1999-03-13,1.89828266903e+11,
1999-03-14,1.89828266903e+11,
1999-03-15,1.9003324907e+11,
1999-03-16,1.90733792212e+11,
1999-03-17,1.90769688659e+11,
1999-03-18,1.91069461877e+11,
1999-03-19,1.9133993237e+11,
1999-03-20,1.9133993237e+11,
1999-03-21,1.9133993237e+11,
1999-03-22,1.91513477356e+11,
1999-03-23,1.91590655061e+11,
1999-03-24,1.91657889346e+11,
1999-03-25,1.91840525608e+11,
1999-03-26,1.91929248511e+11,
1999-03-27,1.91929248511e+11,
1999-03-28,1.91929248511e+11,
1999-03-29,1.91951634168e+11,
1999-03-30,1.91356050692e+11,
1999-03-31,1.91474131626e+11,
1999-04-01,1.91648282964e+11,
1999-04-02,1.91648282964e+11,
1999-04-03,1.91648282964e+11,
1999-04-04,1.91648282964e+11,
1999-04-05,1.91811103095e+11,
1999-04-06,1.91840978825e+11,
1999-04-07,1.91808489859e+11,
1999-04-08,1.92277865077e+11,
1999-04-09,1.93395762775e+11,
1999-04-10,1.93395762775e+11,
1999-04-11,1.93395762775e+11,
1999-04-12,1.93830326271e+11,
1999-04-13,1.94189209136e+11,
1999-04-14,1.94209225903e+11,
1999-04-15,1.94544147675e+11,
1999-04-16,1.94596681687e+11,
1999-04-17,1.94596681687e+11,
1999-04-18,1.94596681687e+11,
1999-04-19,1.95011497096e+11,
1999-04-20,1.95678720305e+11,
1999-04-21,1.96047045513e+11,
1999-04-22,1.96681490594e+11,
1999-04-23,1.97174789113e+11,
1999-04-24,1.97174789113e+11,
1999-04-25,1.97174789113e+11,
1999-04-26,1.98143881489e+11,
1999-04-27,1.98197175712e+11,
1999-04-28,1.98282401302e+11,
1999-04-29,1.98413315415e+11,
1999-04-30,1.98423280316e+11,
1999-05-01,1.98423280316e+11,
1999-05-02,1.98423280316e+11,
1999-05-03,1.97580974054e+11,
1999-05-04,1.97725490416e+11,
1999-05-05,1.97735110774e+11,
1999-05-06,1.97401611232e+11,
1999-05-07,1.97515514792e+11,
1999-05-08,1.97515514792e+11,
1999-05-09,1.97515514792e+11,
1999-05-10,1.97988511589e+11,
1999-05-11,1.9808120369e+11,
1999-05-12,1.97263284705e+11,
1999-05-13,2.00888543916e+11,
1999-05-14,2.01146179368e+11,
1999-05-15,2.01146179368e+11,
1999-05-16,2.01146179368e+11,
1999-05-17,2.01706776232e+11,
1999-05-18,2.0168487508e+11,
1999-05-19,2.01741591802e+11,
1999-05-20,2.01861194687e+11,
1999-05-21,2.01861194687e+11,
1999-05-22,2.01861194687e+11,
1999-05-23,2.01861194687e+11,
1999-05-24,2.0220863189e+11,
1999-05-25,2.02916667903e+11,
1999-05-26,2.02685766463e+11,
1999-05-27,2.02408790858e+11,
1999-05-28,2.02378114079e+11,
1999-05-29,2.02378114079e+11,
1999-05-30,2.02378114079e+11,
1999-05-31,2.01427159317e+11,
1999-06-01,2.01104870032e+11,
1999-06-02,2.01016176436e+11,
1999-06-03,2.01016176436e+11,
1999-06-04,2.01042460671e+11,
1999-06-05,2.01042460671e+11,
1999-06-06,2.01042460671e+11,
1999-06-07,2.0126541631e+11,
1999-06-08,2.01239134944e+11,
1999-06-09,2.01659792333e+11,
1999-06-10,2.02099541201e+11,
1999-06-11,2.02272660828e+11,
1999-06-12,2.02272660828e+11,
1999-06-13,2.02272660828e+11,
1999-06-14,2.02739194954e+11,
1999-06-15,2.02829938861e+11,
1999-06-16,2.03120286392e+11,
1999-06-17,2.03816263882e+11,
1999-06-18,2.04276330648e+11,
1999-06-19,2.04276330648e+11,
1999-06-20,2.04276330648e+11,
1999-06-21,2.05063982025e+11,
1999-06-22,2.05467049423e+11,
1999-06-23,2.05889044616e+11,
1999-06-24,2.05633770579e+11,
1999-06-25,2.06724481203e+11,
1999-06-26,2.06724481203e+11,
1999-06-27,2.06724481203e+11,
1999-06-28,2.06645504661e+11,
1999-06-29,2.06645504661e+11,
1999-06-30,2.04916879062e+11,
1999-07-01,2.05060714964e+11,
1999-07-02,2.05254600704e+11,
1999-07-03,2.05254600704e+11,
1999-07-04,2.05254600704e+11,
1999-07-05,2.05735441866e+11,
1999-07-06,2.05281152606e+11,
1999-07-07,2.0530337562e+11,
1999-07-08,2.05788093756e+11,
1999-07-09,2.06088297053e+11,
1999-07-10,2.06088297053e+11,
1999-07-11,2.06088297053e+11,
1999-07-12,2.06320181769e+11,
1999-07-13,2.06504771171e+11,
1999-07-14,2.06600308465e+11,
1999-07-15,2.06497804608e+11,
1999-07-16,2.0665371356e+11,
1999-07-17,2.0665371356e+11,
1999-07-18,2.0665371356e+11,
1999-07-19,2.0681176174e+11,
1999-07-20,2.06884373054e+11,
1999-07-21,2.06893526645e+11,
1999-07-22,2.07066153083e+11,
1999-07-23,2.07510931809e+11,
1999-07-24,2.07510931809e+11,
1999-07-25,2.07510931809e+11,
1999-07-26,2.07226898725e+11,
1999-07-27,2.06703143181e+11,
1999-07-28,2.06436986784e+11,
1999-07-29,2.06844366802e+11,
1999-07-30,2.07644996396e+11,
1999-07-31,2.07644996396e+11,
1999-08-01,2.07644996396e+11,
1999-08-02,2.07243068404e+11,
1999-08-03,2.07101504682e+11,
1999-08-04,2.06989399832e+11,
1999-08-05,2.06767085313e+11,
1999-08-06,2.06559628281e+11,
1999-08-07,2.06559628281e+11,
1999-08-08,2.06559628281e+11,
1999-08-09,2.0638248406e+11,
1999-08-10,2.0624776794e+11,
1999-08-11,2.05946753479e+11,
1999-08-12,2.05838940769e+11,
1999-08-13,2.05596750003e+11,
1999-08-14,2.05596750003e+11,
1999-08-15,2.05596750003e+11,
1999-08-16,2.05580700126e+11,
1999-08-17,2.05594861993e+11,
1999-08-18,2.05711863578e+11,
1999-08-19,2.0536700631e+11,
1999-08-20,2.05505582895e+11,
1999-08-21,2.05505582895e+11,
1999-08-22,2.05505582895e+11,
1999-08-23,2.05322947361e+11,
1999-08-24,2.05322356938e+11,
1999-08-25,2.06463570009e+11,
1999-08-26,2.0631719005e+11,
1999-08-27,2.06759762891e+11,
1999-08-28,2.06759762891e+11,
1999-08-29,2.06759762891e+11,
1999-08-30,2.06977901091e+11,
1999-08-31,2.07671701607e+11,
1999-09-01,2.07730063541e+11,
1999-09-02,2.07729272794e+11,
1999-09-03,2.07946171999e+11,
1999-09-04,2.07946171999e+11,
1999-09-05,2.07946171999e+11,
1999-09-06,2.07946171999e+11,
1999-09-07,2.08263158345e+11,
1999-09-08,2.0854391023e+11,
1999-09-09,2.08752729393e+11,
1999-09-10,2.09201284269e+11,
1999-09-11,2.09201284269e+11,
1999-09-12,2.09201284269e+11,
1999-09-13,2.09828736687e+11,
1999-09-14,2.09905153036e+11,
1999-09-15,2.09979463095e+11,
1999-09-16,2.10164593229e+11,
1999-09-17,2.09994381925e+11,
1999-09-18,2.09994381925e+11,
1999-09-19,2.09994381925e+11,
1999-09-20,2.0970898449e+11,
1999-09-21,2.10510418609e+11,
1999-09-22,2.1030923923e+11,
1999-09-23,2.10143473585e+11,
1999-09-24,2.10066844671e+11,
1999-09-25,2.10066844671e+11,
1999-09-26,2.10066844671e+11,
1999-09-27,2.09819428319e+11,
1999-09-28,2.10294047425e+11,
1999-09-29,2.09699503632e+11,
1999-09-30,2.11214481686e+11,
1999-10-01,2.11114266712e+11,
1999-10-02,2.11114266712e+11,
1999-10-03,2.11114266712e+11,
1999-10-04,2.10985880329e+11,
1999-10-05,2.11012778122e+11,
1999-10-06,2.10798717841e+11,
1999-10-07,2.1094450716e+11,
1999-10-08,2.1093802376e+11,
1999-10-09,2.1093802376e+11,
1999-10-10,2.1093802376e+11,
1999-10-11,2.10890914158e+11,
1999-10-12,2.10890914158e+11,
1999-10-13,2.10922279947e+11,
1999-10-14,2.1096517605e+11,
1999-10-15,2.10756310803e+11,
1999-10-16,2.10756310803e+11,
1999-10-17,2.10756310803e+11,
1999-10-18,2.10671263562e+11,
1999-10-19,2.10656900937e+11,
1999-10-20,2.11086008096e+11,
1999-10-21,2.10314395976e+11,
1999-10-22,2.10612309992e+11,
1999-10-23,2.10612309992e+11,
1999-10-24,2.10612309992e+11,
1999-10-25,2.10556753835e+11,
1999-10-26,2.1102410942e+11,
1999-10-27,2.1094645344e+11,
1999-10-28,2.10483993609e+11,
1999-10-29,2.10878224369e+11,
1999-10-30,2.10878224369e+11,
1999-10-31,2.10878224369e+11,
1999-11-01,2.10878224369e+11,
1999-11-02,2.11078580794e+11,
1999-11-03,2.11513274511e+11,
1999-11-04,2.11555361318e+11,
1999-11-05,2.11711421671e+11,
1999-11-06,2.11711421671e+11,
1999-11-07,2.11711421671e+11,
1999-11-08,2.12199669721e+11,
1999-11-09,2.12181504358e+11,
1999-11-10,2.1220538024e+11,
1999-11-11,2.12135682078e+11,
1999-11-12,2.12768889106e+11,
1999-11-13,2.12768889106e+11,
1999-11-14,2.12768889106e+11,
1999-11-15,2.12993199192e+11,
1999-11-16,2.13141273139e+11,
1999-11-17,2.14085300375e+11,
1999-11-18,2.1450346004e+11,
1999-11-19,2.14579087604e+11,
1999-11-20,2.14579087604e+11,
1999-11-21,2.14579087604e+11,
1999-11-22,2.14993288747e+11,
1999-11-23,2.15248150953e+11,
1999-11-24,2.16214729208e+11,
1999-11-25,2.16208340074e+11,
1999-11-26,2.16428701465e+11,
1999-11-27,2.16428701465e+11,
1999-11-28,2.16428701465e+11,
1999-11-29,2.16650075927e+11,
1999-11-30,2.17336899822e+11,
1999-12-01,2.17665304496e+11,
1999-12-02,2.17691277946e+11,
1999-12-03,2.17635438105e+11,
1999-12-04,2.17635438105e+11,
1999-12-05,2.17635438105e+11,
1999-12-06,2.17535449315e+11,
1999-12-07,2.17549271442e+11,
1999-12-08,2.17549271442e+11,
1999-12-09,2.18017502107e+11,
1999-12-10,2.18120629373e+11,
1999-12-11,2.18120629373e+11,
1999-12-12,2.18120629373e+11,
1999-12-13,2.18812997969e+11,
1999-12-14,2.18484038338e+11,
1999-12-15,2.18962007057e+11,
1999-12-16,2.18961484025e+11,
1999-12-17,2.18749652231e+11,
1999-12-18,2.18749652231e+11,
1999-12-19,2.18749652231e+11,
1999-12-20,2.18823319451e+11,
1999-12-21,2.18925895062e+11,
1999-12-22,2.19127712115e+11,
1999-12-23,2.19553377706e+11,
1999-12-24,2.19682956227e+11,
1999-12-25,2.19682956227e+11,
1999-12-26,2.19682956227e+11,
1999-12-27,2.20962977358e+11,
1999-12-28,2.20891454425e+11,
1999-12-29,2.21104256155e+11,
1999-12-30,2.21103292382e+11,
1999-12-31,2.21103292382e+11,
2000-01-01,2.21103292382e+11,
2000-01-02,2.21103292382e+11,
2000-01-03,2.21718390863e+11,
2000-01-04,2.22236976801e+11,
2000-01-05,2.2194723249e+11,
2000-01-06,2.22164419667e+11,
2000-01-07,2.21631787753e+11,
2000-01-08,2.21631787753e+11,
2000-01-09,2.21631787753e+11,
2000-01-10,2.21404495121e+11,
2000-01-11,2.21206859636e+11,
2000-01-12,2.21101992715e+11,
2000-01-13,2.21720017967e+11,
2000-01-14,2.22019556145e+11,
2000-01-15,2.22019556145e+11,
2000-01-16,2.22019556145e+11,
2000-01-17,2.22626397516e+11,
2000-01-18,2.22901828784e+11,
2000-01-19,2.23419027024e+11,
2000-01-20,2.24125073189e+11,
2000-01-21,2.24453736704e+11,
2000-01-22,2.24453736704e+11,
2000-01-23,2.24453736704e+11,
2000-01-24,2.24866024257e+11,
2000-01-25,2.2485582421e+11,
2000-01-26,2.25445112027e+11,
2000-01-27,2.26291262005e+11,
2000-01-28,2.26609990885e+11,
2000-01-29,2.26609990885e+11,
2000-01-30,2.26609990885e+11,
2000-01-31,2.28355080104e+11,
2000-02-01,2.28511235613e+11,
2000-02-02,2.27649929814e+11,
2000-02-03,2.2728576668e+11,
2000-02-04,2.2732360183e+11,
2000-02-05,2.2732360183e+11,
2000-02-06,2.2732360183e+11,
2000-02-07,2.27668422464e+11,
2000-02-08,2.27775914971e+11,
2000-02-09,2.28518925604e+11,
2000-02-10,2.29052062606e+11,
2000-02-11,2.29519360559e+11,
2000-02-12,2.29519360559e+11,
2000-02-13,2.29519360559e+11,
2000-02-14,2.297806719e+11,
2000-02-15,2.30000168474e+11,
2000-02-16,2.30220222954e+11,
2000-02-17,2.29998701644e+11,
2000-02-18,2.2966857636e+11,
2000-02-19,2.2966857636e+11,
2000-02-20,2.2966857636e+11,
2000-02-21,2.29739105648e+11,
2000-02-22,2.29577814423e+11,
2000-02-23,2.28889983304e+11,
2000-02-24,2.28092040541e+11,
2000-02-25,2.2856426073e+11,
2000-02-26,2.2856426073e+11,
2000-02-27,2.2856426073e+11,
2000-02-28,2.28892936107e+11,
2000-02-29,2.32469918348e+11,
2000-03-01,2.31997388578e+11,0.0
2000-03-02,2.3199528695e+11,0.0
2000-03-03,2.31916770267e+11,0.0
2000-03-04,2.31916770267e+11,0.0
2000-03-05,2.31916770267e+11,0.0
2000-03-06,2.32098838695e+11,0.0
2000-03-07,2.32402620776e+11,0.0
2000-03-08,2.32562106473e+11,0.0
2000-03-09,2.32774912472e+11,0.0
2000-03-10,2.32729227466e+11,0.0
2000-03-11,2.32729227466e+11,0.0
2000-03-12,2.32729227466e+11,0.0
2000-03-13,2.33197936171e+11,0.0
2000-03-14,2.33428244931e+11,0.0
2000-03-15,2.32885188021e+11,0.0
2000-03-16,2.33110803587e+11,0.0
2000-03-17,2.32943549974e+11,0.0
2000-03-18,2.32943549974e+11,0.0
2000-03-19,2.32943549974e+11,0.0
2000-03-20,2.33229309397e+11,0.0
2000-03-21,2.33442958097e+11,0.0
2000-03-22,2.34228747255e+11,0.0
2000-03-23,2.34178411649e+11,0.0
2000-03-24,2.3430057625e+11,0.0
2000-03-25,2.3430057625e+11,0.0
2000-03-26,2.3430057625e+11,0.0
2000-03-27,2.34272989976e+11,0.0
2000-03-28,2.34369711333e+11,0.0
2000-03-29,2.34820037634e+11,0.0
2000-03-30,2.38312892823e+11,0.0
2000-03-31,2.38657441888e+11,0.0
2000-04-01,2.38657441888e+11,0.0
2000-04-02,2.38657441888e+11,0.0
2000-04-03,2.38755813746e+11,0.0
2000-04-04,2.38523746092e+11,0.0
2000-04-05,2.38441353406e+11,0.0
2000-04-06,2.3807325492e+11,0.0
2000-04-07,2.37558829028e+11,0.0
2000-04-08,2.37558829028e+11,0.0
2000-04-09,2.37558829028e+11,0.0
2000-04-10,2.3791943938e+11,0.0
2000-04-11,2.37942804074e+11,0.0
2000-04-12,2.38277839293e+11,0.0
2000-04-13,2.37887551444e+11,0.0
2000-04-14,2.37667421926e+11,0.0
2000-04-15,2.37667421926e+11,0.0
2000-04-16,2.37667421926e+11,0.0
2000-04-17,2.37927742556e+11,0.0
2000-04-18,2.37785599348e+11,0.0
2000-04-19,2.36568861497e+11,0.0
2000-04-20,2.36208060761e+11,0.0
2000-04-21,2.36208060761e+11,0.0
2000-04-22,2.36208060761e+11,0.0
2000-04-23,2.36208060761e+11,0.0
2000-04-24,2.36816167992e+11,0.0
2000-04-25,2.36845849496e+11,0.0
2000-04-26,2.37445788422e+11,0.0
2000-04-27,2.37669901278e+11,0.0
2000-04-28,2.40675051683e+11,0.0
2000-04-29,2.40675051683e+11,0.0
2000-04-30,2.40675051683e+11,0.0
2000-05-01,2.40675051683e+11,0.0
2000-05-02,2.41204374018e+11,0.0
2000-05-03,2.41355190228e+11,0.0
2000-05-04,2.41192522722e+11,0.0
2000-05-05,2.41171842384e+11,0.0
2000-05-06,2.41171842384e+11,0.0
2000-05-07,2.41171842384e+11,0.0
2000-05-08,2.41050946939e+11,0.0
2000-05-09,2.41033656042e+11,0.0
2000-05-10,2.40849715407e+11,0.0
2000-05-11,2.40728885475e+11,0.0
2000-05-12,2.40296423362e+11,0.0
2000-05-13,2.40296423362e+11,0.0
2000-05-14,2.40296423362e+11,0.0
2000-05-15,2.40512374999e+11,0.0
2000-05-16,2.41160077054e+11,0.0
2000-05-17,2.4166918483e+11,0.0
2000-05-18,2.42245682225e+11,0.0
2000-05-19,2.42531407831e+11,0.0
2000-05-20,2.42531407831e+11,0.0
2000-05-21,2.42531407831e+11,0.0
2000-05-22,2.42968470723e+11,0.0
2000-05-23,2.42747316081e+11,0.0
2000-05-24,2.42241551135e+11,0.0
2000-05-25,2.42121602731e+11,0.0
2000-05-26,2.42142536012e+11,0.0
2000-05-27,2.42142536012e+11,0.0
2000-05-28,2.42142536012e+11,0.0
2000-05-29,2.43082021082e+11,0.0
2000-05-30,2.42794700625e+11,0.0
2000-05-31,2.45157091711e+11,0.0
2000-06-01,2.45363945159e+11,0.0
2000-06-02,2.45519818645e+11,0.0
2000-06-03,2.45519818645e+11,0.0
2000-06-04,2.45519818645e+11,0.0
2000-06-05,2.4575971878e+11,0.0
2000-06-06,2.46672762153e+11,0.0
2000-06-07,2.47362128849e+11,0.0
2000-06-08,2.47489466175e+11,0.0
2000-06-09,2.47396352778e+11,0.0
2000-06-10,2.47396352778e+11,0.0
2000-06-11,2.47396352778e+11,0.0
2000-06-12,2.47762964187e+11,0.0
2000-06-13,2.47587190265e+11,0.0
2000-06-14,2.47833227287e+11,0.0
2000-06-15,2.47940351001e+11,0.0
2000-06-16,2.479074713e+11,0.0
2000-06-17,2.479074713e+11,0.0
2000-06-18,2.479074713e+11,0.0
2000-06-19,2.479074713e+11,0.0
2000-06-20,2.48266177245e+11,0.0
2000-06-21,2.47868594743e+11,0.0
2000-06-22,2.4821698307e+11,0.0
2000-06-23,2.48651941644e+11,0.0
2000-06-24,2.48651941644e+11,0.0
2000-06-25,2.48651941644e+11,0.0
2000-06-26,2.48651941644e+11,0.0
2000-06-27,2.48980595771e+11,0.0
2000-06-28,2.49596609998e+11,0.0
2000-06-29,2.49643797747e+11,0.0
2000-06-30,2.52230449744e+11,0.0
2000-07-01,2.52230449744e+11,0.0
2000-07-02,2.52230449744e+11,0.0
2000-07-03,2.52207718121e+11,0.0
2000-07-04,2.51999828149e+11,0.0
2000-07-05,2.52047208489e+11,0.0
2000-07-06,2.52283058443e+11,0.0
2000-07-07,2.52517135844e+11,0.0
2000-07-08,2.52517135844e+11,0.0
2000-07-09,2.52517135844e+11,0.0
2000-07-10,2.52472903992e+11,0.0
2000-07-11,2.52589201391e+11,0.0
2000-07-12,2.52593311067e+11,0.0
2000-07-13,2.52598953389e+11,0.0
2000-07-14,2.53122454081e+11,0.0
2000-07-15,2.53122454081e+11,0.0
2000-07-16,2.53122454081e+11,0.0
2000-07-17,2.53483966646e+11,0.0
2000-07-18,2.53436370792e+11,0.0
2000-07-19,2.53663121625e+11,0.0
2000-07-20,2.53729625508e+11,0.0
2000-07-21,2.54097227925e+11,0.0
2000-07-22,2.54097227925e+11,0.0
2000-07-23,2.54097227925e+11,0.0
2000-07-24,2.5438650602e+11,0.0
2000-07-25,2.54509606114e+11,0.0
2000-07-26,2.54936715282e+11,0.0
2000-07-27,2.55195319691e+11,0.0
2000-07-28,2.55236648233e+11,0.0
2000-07-29,2.55236648233e+11,0.0
2000-07-30,2.55236648233e+11,0.0
2000-07-31,2.54553269796e+11,0.0
2000-08-01,2.54445390528e+11,0.0
2000-08-02,2.54053393245e+11,0.0
2000-08-03,2.53796803578e+11,0.0
2000-08-04,2.53906794822e+11,0.0
2000-08-05,2.53906794822e+11,0.0
2000-08-06,2.53906794822e+11,0.0
2000-08-07,2.54280709397e+11,0.0
2000-08-08,2.54392543115e+11,0.0
2000-08-09,2.54361806465e+11,0.0
2000-08-10,2.54441568652e+11,0.0
2000-08-11,2.54327300136e+11,0.0
2000-08-12,2.54327300136e+11,0.0
2000-08-13,2.54327300136e+11,0.0
2000-08-14,2.54347622709e+11,0.0
2000-08-15,2.54347622709e+11,0.0
2000-08-16,2.54168029919e+11,0.0
2000-08-17,2.54738300413e+11,0.0
2000-08-18,2.55054049673e+11,0.0
2000-08-19,2.55054049673e+11,0.0
2000-08-20,2.55054049673e+11,0.0
2000-08-21,2.55007196024e+11,0.0
2000-08-22,2.55036948932e+11,0.0
2000-08-23,2.54801462983e+11,0.0
2000-08-24,2.54943420484e+11,0.0
2000-08-25,2.55407406623e+11,0.0
2000-08-26,2.55407406623e+11,0.0
2000-08-27,2.55407406623e+11,0.0
2000-08-28,2.55851927269e+11,0.0
2000-08-29,2.55872025866e+11,0.0
2000-08-30,2.57448352796e+11,0.0
2000-08-31,2.54388682136e+11,0.0
2000-09-01,2.54444726219e+11,0.0
2000-09-02,2.54444726219e+11,0.0
2000-09-03,2.54444726219e+11,0.0
2000-09-04,2.54444726219e+11,0.0
2000-09-05,2.54747377358e+11,0.0
2000-09-06,2.55183736866e+11,0.0
2000-09-07,2.54947927633e+11,0.0
2000-09-08,2.54731238492e+11,0.0
2000-09-09,2.54731238492e+11,0.0
2000-09-10,2.54731238492e+11,0.0
2000-09-11,2.54444652815e+11,0.0
2000-09-12,2.54164007955e+11,0.0
2000-09-13,2.54066148909e+11,0.0
2000-09-14,2.54111274033e+11,0.0
2000-09-15,2.54010046741e+11,0.0
2000-09-16,2.54010046741e+11,0.0
2000-09-17,2.54010046741e+11,0.0
2000-09-18,2.54010046741e+11,0.0
2000-09-19,2.54010046741e+11,0.0
2000-09-20,2.54239701541e+11,0.0
2000-09-21,2.54425406584e+11,0.0
2000-09-22,2.5452444899e+11,0.0
2000-09-23,2.5452444899e+11,0.0
2000-09-24,2.5452444899e+11,0.0
2000-09-25,2.54861255196e+11,0.0
2000-09-26,2.53894436776e+11,0.0
2000-09-27,2.54799743261e+11,0.0
2000-09-28,2.54807044411e+11,0.0
2000-09-29,2.52674262495e+11,0.0
2000-09-30,2.52674262495e+11,0.0
2000-10-01,2.52674262495e+11,0.0
2000-10-02,2.52467631351e+11,0.0
2000-10-03,2.52400107365e+11,0.0
2000-10-04,2.52203849744e+11,0.0
2000-10-05,2.52196889956e+11,0.0
2000-10-06,2.51933799353e+11,0.0
2000-10-07,2.51933799353e+11,0.0
2000-10-08,2.51933799353e+11,0.0
2000-10-09,2.51933799353e+11,0.0
2000-10-10,2.5228673905e+11,0.0
2000-10-11,2.52232307481e+11,0.0
2000-10-12,2.52159816505e+11,0.0
2000-10-13,2.5189689372e+11,0.0
2000-10-14,2.5189689372e+11,0.0
2000-10-15,2.5189689372e+11,0.0
2000-10-16,2.51593309674e+11,0.0
2000-10-17,2.51888335625e+11,0.0
2000-10-18,2.52017143748e+11,0.0
2000-10-19,2.51645925717e+11,0.0
2000-10-20,2.51477822455e+11,0.0
2000-10-21,2.51477822455e+11,0.0
2000-10-22,2.51477822455e+11,0.0
2000-10-23,2.51891145828e+11,0.0
2000-10-24,2.51991899781e+11,0.0
2000-10-25,2.52220635592e+11,0.0
2000-10-26,2.52664207654e+11,0.0
2000-10-27,2.53121064645e+11,0.0
2000-10-28,2.53121064645e+11,0.0
2000-10-29,2.53121064645e+11,0.0
2000-10-30,2.5332596005e+11,0.0
2000-10-31,2.50246824672e+11,0.0
2000-11-01,2.50246824672e+11,0.0
2000-11-02,2.50312564038e+11,0.0
2000-11-03,2.51146426387e+11,0.0
2000-11-04,2.51146426387e+11,0.0
2000-11-05,2.51146426387e+11,0.0
2000-11-06,2.51331630544e+11,0.0
2000-11-07,2.51424626559e+11,0.0
2000-11-08,2.51874376038e+11,0.0
2000-11-09,2.52019013516e+11,0.0
2000-11-10,2.52455540792e+11,0.0
2000-11-11,2.52455540792e+11,0.0
2000-11-12,2.52455540792e+11,0.0
2000-11-13,2.51905607122e+11,0.0
2000-11-14,2.51672431675e+11,0.0
2000-11-15,2.51546011415e+11,0.0
2000-11-16,2.51471542194e+11,0.0
2000-11-17,2.51763376227e+11,0.0
2000-11-18,2.51763376227e+11,0.0
2000-11-19,2.51763376227e+11,0.0
2000-11-20,2.52773656426e+11,0.0
2000-11-21,2.52494033014e+11,0.0
2000-11-22,2.52351196283e+11,0.0
2000-11-23,2.52457602352e+11,0.0
2000-11-24,2.52744543632e+11,0.0
2000-11-25,2.52744543632e+11,0.0
2000-11-26,2.52744543632e+11,0.0
2000-11-27,2.53072503708e+11,0.0
2000-11-28,2.5352762679e+11,0.0
2000-11-29,2.53819751087e+11,0.0
2000-11-30,2.50520566871e+11,0.0
2000-12-01,2.50487292419e+11,0.0
2000-12-02,2.50487292419e+11,0.0
2000-12-03,2.50487292419e+11,0.0
2000-12-04,2.50006762048e+11,0.0
2000-12-05,2.4969248415e+11,0.0
2000-12-06,2.49402396249e+11,0.0
2000-12-07,2.49663194667e+11,0.0
2000-12-08,2.49663194667e+11,0.0
2000-12-09,2.49663194667e+11,0.0
2000-12-10,2.49663194667e+11,0.0
2000-12-11,2.50312770143e+11,0.0
2000-12-12,2.49751126728e+11,0.0
2000-12-13,2.49991480896e+11,0.0
2000-12-14,2.50196782594e+11,0.0
2000-12-15,2.50479187639e+11,0.0
2000-12-16,2.50479187639e+11,0.0
2000-12-17,2.50479187639e+11,0.0
2000-12-18,2.50466973144e+11,0.0
2000-12-19,2.50164944073e+11,0.0
2000-12-20,2.50457309573e+11,0.0
2000-12-21,2.50744245911e+11,0.0
2000-12-22,2.50855489559e+11,0.0
2000-12-23,2.50855489559e+11,0.0
2000-12-24,2.50855489559e+11,0.0
2000-12-25,2.50855489559e+11,0.0
2000-12-26,2.50955939033e+11,0.0
2000-12-27,2.50903462562e+11,0.0
2000-12-28,2.48255039607e+11,0.0
2000-12-29,2.48273304157e+11,0.0
2000-12-30,2.48273304157e+11,0.0
2000-12-31,2.48273304157e+11,0.0
2001-01-01,2.48273304157e+11,0.0
2001-01-02,2.48421050533e+11,0.0
2001-01-03,2.48386078467e+11,0.0
2001-01-04,2.48572700028e+11,0.0
2001-01-05,2.48583386209e+11,0.0
2001-01-06,2.48583386209e+11,0.0
2001-01-07,2.48583386209e+11,0.0
2001-01-08,2.49389046225e+11,0.0
2001-01-09,2.49410342282e+11,0.0
2001-01-10,2.49865288578e+11,0.0
2001-01-11,2.49807632719e+11,0.0
2001-01-12,2.49710943685e+11,0.0
2001-01-13,2.49710943685e+11,0.0
2001-01-14,2.49710943685e+11,0.0
2001-01-15,2.49613243748e+11,0.0
2001-01-16,2.49506521058e+11,0.0
2001-01-17,2.49001620722e+11,0.0
2001-01-18,2.49161615924e+11,0.0
2001-01-19,2.50240760947e+11,0.0
2001-01-20,2.50240760947e+11,0.0
2001-01-21,2.50240760947e+11,0.0
2001-01-22,2.50378359409e+11,0.0
2001-01-23,2.5042728988e+11,0.0
2001-01-24,2.5047199767e+11,0.0
2001-01-25,2.51967927586e+11,0.0
2001-01-26,2.52952850152e+11,0.0
2001-01-27,2.52952850152e+11,0.0
2001-01-28,2.52952850152e+11,0.0
2001-01-29,2.53306393869e+11,0.0
2001-01-30,2.50428082799e+11,0.0
2001-01-31,2.50394393802e+11,0.0
