Fecha;C
1992-09-01;0,0
1992-09-02;0,0
1992-09-03;0,0
1992-09-04;0,0
1992-09-05;0,0
1992-09-06;0,0
1992-09-07;0,0
1992-09-08;0,0
1992-09-09;0,0
1992-09-10;0,0
1992-09-11;0,0
1992-09-12;0,0
1992-09-13;0,0
1992-09-14;0,0
1992-09-15;0,0
1992-09-16;0,0
1992-09-17;0,0
1992-09-18;0,0
1992-09-19;0,0
1992-09-20;0,0
1992-09-21;0,0
1992-09-22;0,0
1992-09-23;0,0
1992-09-24;0,0
1992-09-25;0,0
1992-09-26;0,0
1992-09-27;0,0
1992-09-28;0,0
1992-09-29;0,0
1992-09-30;0,0
1992-10-01;0,0
1992-10-02;0,0
1992-10-03;0,0
1992-10-04;0,0
1992-10-05;0,0
1992-10-06;0,0
1992-10-07;0,0
1992-10-08;0,0
1992-10-09;0,0
1992-10-10;0,0
1992-10-11;0,0
1992-10-12;0,0
1992-10-13;0,0
1992-10-14;0,0
1992-10-15;0,0
1992-10-16;0,0
1992-10-17;0,0
1992-10-18;0,0
1992-10-19;0,0
1992-10-20;0,0
1992-10-21;0,0
1992-10-22;0,0
1992-10-23;0,0
1992-10-24;0,0
1992-10-25;0,0
1992-10-26;0,0
1992-10-27;0,0
1992-10-28;0,0
1992-10-29;0,0
1992-10-30;0,0
1992-10-31;0,0
1992-11-01;0,0
1992-11-02;0,0
1992-11-03;0,0
1992-11-04;0,0
1992-11-05;0,0
1992-11-06;0,0
1992-11-07;0,0
1992-11-08;0,0
1992-11-09;0,0
1992-11-10;0,0
1992-11-11;0,0
1992-11-12;0,0
1992-11-13;0,0
1992-11-14;0,0
1992-11-15;0,0
1992-11-16;0,0
1992-11-17;0,0
1992-11-18;0,0
1992-11-19;0,0
1992-11-20;0,0
1992-11-21;0,0
1992-11-22;0,0
1992-11-23;0,0
1992-11-24;0,0
1992-11-25;0,0
1992-11-26;0,0
1992-11-27;0,0
1992-11-28;0,0
1992-11-29;0,0
1992-11-30;0,0
1992-12-01;0,0
1992-12-02;0,0
1992-12-03;0,0
1992-12-04;0,0
1992-12-05;0,0
1992-12-06;0,0
1992-12-07;0,0
1992-12-08;0,0
1992-12-09;2756631,0
1992-12-10;2793029,0
1992-12-11;2794003,0
1992-12-12;2794003,0
1992-12-13;2794003,0
1992-12-14;2815679,0
1992-12-15;3917185,0
1992-12-16;56119927,0
1992-12-17;72148740,0
1992-12-18;72261881,0
1992-12-19;72261881,0
1992-12-20;72261881,0
1992-12-21;72462840,0
1992-12-22;72509292,0
1992-12-23;72560669,0
1992-12-24;72662796,0
1992-12-25;72662796,0
1992-12-26;72662796,0
1992-12-27;72662796,0
1992-12-28;72841959,0
1992-12-29;56709742,0
1992-12-30;9774903300,0
1992-12-31;9771045036,0
1993-01-01;9771045036,0
1993-01-02;9771045036,0
1993-01-03;9771045036,0
1993-01-04;9792264173,0
1993-01-05;9796045005,0
1993-01-06;9799308471,0
1993-01-07;9793803581,0
1993-01-08;9798270764,0
1993-01-09;9798270764,0
1993-01-10;9798270764,0
1993-01-11;9799601285,0
1993-01-12;9824498083,0
1993-01-13;9826591328,0
1993-01-14;9838204879,0
1993-01-15;9844119822,0
1993-01-16;9844119822,0
1993-01-17;9844119822,0
1993-01-18;9866606148,0
1993-01-19;9869717666,0
1993-01-20;10011206218,0
1993-01-21;10019527405,0
1993-01-22;10033050213,0
1993-01-23;10033050213,0
1993-01-24;10033050213,0
1993-01-25;10044356163,0
1993-01-26;10052912952,0
1993-01-27;10089886466,0
1993-01-28;14545744840,0
1993-01-29;14587778775,0
1993-01-30;14587778775,0
1993-01-31;14587778775,0
1993-02-01;14592938905,0
1993-02-02;14606790678,0
1993-02-03;14603057103,0
1993-02-04;14636551189,0
1993-02-05;14652851132,0
1993-02-06;14652851132,0
1993-02-07;14652851132,0
1993-02-08;14669270458,0
1993-02-09;14690178405,0
1993-02-10;14694469424,0
1993-02-11;14704816345,0
1993-02-12;14701759870,0
1993-02-13;14701759870,0
1993-02-14;14701759870,0
1993-02-15;14666433927,0
1993-02-16;14651577160,0
1993-02-17;14659672159,0
1993-02-18;14668459652,0
1993-02-19;14655474535,0
1993-02-20;14655474535,0
1993-02-21;14655474535,0
1993-02-22;14673699906,0
1993-02-23;14678891987,0
1993-02-24;14857698991,0
1993-02-25;14862348724,0
1993-02-26;19351537770,0
1993-02-27;19351537770,0
1993-02-28;19351537770,0
1993-03-01;19354903787,0
1993-03-02;19336496169,0
1993-03-03;19323009648,0
1993-03-04;19313475288,0
1993-03-05;19332656020,0
1993-03-06;19332656020,0
1993-03-07;19332656020,0
1993-03-08;19348302726,0
1993-03-09;19342667202,0
1993-03-10;19314534960,0
1993-03-11;19286419779,0
1993-03-12;19269367059,0
1993-03-13;19269367059,0
1993-03-14;19269367059,0
1993-03-15;19277622887,0
1993-03-16;19277147667,0
1993-03-17;19283371380,0
1993-03-18;19285965583,0
1993-03-19;19290938718,0
1993-03-20;19290938718,0
1993-03-21;19290938718,0
1993-03-22;19319722731,0
1993-03-23;19329384639,0
1993-03-24;19533668455,0
1993-03-25;19557726996,0
1993-03-26;19573052681,0
1993-03-27;19573052681,0
1993-03-28;19573052681,0
1993-03-29;19595523602,0
1993-03-30;21306854965,0
1993-03-31;21245554735,0
1993-04-01;21249242247,0
1993-04-02;21250813137,0
1993-04-03;21250813137,0
1993-04-04;21250813137,0
1993-04-05;21268688443,0
1993-04-06;21260302453,0
1993-04-07;21266554109,0
1993-04-08;21261104338,0
1993-04-09;21261104338,0
1993-04-10;21261104338,0
1993-04-11;21261104338,0
1993-04-12;21283869431,0
1993-04-13;21254760657,0
1993-04-14;21256460669,0
1993-04-15;21254184286,0
1993-04-16;21371602501,0
1993-04-17;21371602501,0
1993-04-18;21371602501,0
1993-04-19;21369750986,0
1993-04-20;21367389192,0
1993-04-21;21352246422,0
1993-04-22;21313034487,0
1993-04-23;21357293622,0
1993-04-24;21357293622,0
1993-04-25;21357293622,0
1993-04-26;21335344232,0
1993-04-27;21302669353,0
1993-04-28;21301212790,0
1993-04-29;22616395900,0
1993-04-30;22573254627,0
1993-05-01;22573254627,0
1993-05-02;22573254627,0
1993-05-03;22572908861,0
1993-05-04;22558460304,0
1993-05-05;22556385239,0
1993-05-06;22539837204,0
1993-05-07;22501952545,0
1993-05-08;22501952545,0
1993-05-09;22501952545,0
1993-05-10;22470958877,0
1993-05-11;22447009651,0
1993-05-12;22421967730,0
1993-05-13;22420356425,0
1993-05-14;22438073904,0
1993-05-15;22438073904,0
1993-05-16;22438073904,0
1993-05-17;22557617990,0
1993-05-18;22578409103,0
1993-05-19;22583130854,0
1993-05-20;22601614669,0
1993-05-21;22601614669,0
1993-05-22;22601614669,0
1993-05-23;22601614669,0
1993-05-24;22647952017,0
1993-05-25;22654270843,0
1993-05-26;22786590737,0
1993-05-27;22823356736,0
1993-05-28;22820835007,0
1993-05-29;22820835007,0
1993-05-30;22820835007,0
1993-05-31;23851004863,0
1993-06-01;23859191121,0
1993-06-02;23906195032,0
1993-06-03;23937026307,0
1993-06-04;23987078277,0
1993-06-05;23987078277,0
1993-06-06;23987078277,0
1993-06-07;24037514045,0
1993-06-08;24052871568,0
1993-06-09;24070188396,0
1993-06-10;24070188396,0
1993-06-11;24141523229,0
1993-06-12;24141523229,0
1993-06-13;24141523229,0
1993-06-14;24206032173,0
1993-06-15;24218639002,0
1993-06-16;24264288650,0
1993-06-17;24320672785,0
1993-06-18;24419682186,0
1993-06-19;24419682186,0
1993-06-20;24419682186,0
1993-06-21;24711945241,0
1993-06-22;24719946488,0
1993-06-23;24739124636,0
1993-06-24;24815397738,0
1993-06-25;24804183850,0
1993-06-26;24804183850,0
1993-06-27;24804183850,0
1993-06-28;24776797945,0
1993-06-29;24776797945,0
1993-06-30;26230248743,0
1993-07-01;26315294861,0
1993-07-02;26389186351,0
1993-07-03;26389186351,0
1993-07-04;26389186351,0
1993-07-05;26479784272,0
1993-07-06;26517749662,0
1993-07-07;26570202816,0
1993-07-08;26612984463,0
1993-07-09;26658359669,0
1993-07-10;26658359669,0
1993-07-11;26658359669,0
1993-07-12;26716041578,0
1993-07-13;26761089599,0
1993-07-14;26772027864,0
1993-07-15;26760329060,0
1993-07-16;26775449831,0
1993-07-17;26775449831,0
1993-07-18;26775449831,0
1993-07-19;26983366641,0
1993-07-20;26990364089,0
1993-07-21;26970167256,0
1993-07-22;27059744340,0
1993-07-23;27057277178,0
1993-07-24;27057277178,0
1993-07-25;27057277178,0
1993-07-26;27077994799,0
1993-07-27;27030059101,0
1993-07-28;26909539572,0
1993-07-29;27852300227,0
1993-07-30;27873032958,0
1993-07-31;27873032958,0
1993-08-01;27873032958,0
1993-08-02;27985865196,0
1993-08-03;28000713964,0
1993-08-04;28029626826,0
1993-08-05;28112320418,0
1993-08-06;28156276110,0
1993-08-07;28156276110,0
1993-08-08;28156276110,0
1993-08-09;28185593256,0
1993-08-10;28189183135,0
1993-08-11;28204446407,0
1993-08-12;28232180475,0
1993-08-13;28273685027,0
1993-08-14;28273685027,0
1993-08-15;28273685027,0
1993-08-16;28324444505,0
1993-08-17;28304291006,0
1993-08-18;28326177177,0
1993-08-19;28357222941,0
1993-08-20;28402182079,0
1993-08-21;28402182079,0
1993-08-22;28402182079,0
1993-08-23;28511077510,0
1993-08-24;28641845425,0
1993-08-25;28620758655,0
1993-08-26;28638771219,0
1993-08-27;28521371873,0
1993-08-28;28521371873,0
1993-08-29;28521371873,0
1993-08-30;29428262481,0
1993-08-31;29427228254,0
1993-09-01;29476243872,0
1993-09-02;29543349619,0
1993-09-03;29575361018,0
1993-09-04;29575361018,0
1993-09-05;29575361018,0
1993-09-06;29612308781,0
1993-09-07;29640599648,0
1993-09-08;29662739167,0
1993-09-09;29691545241,0
1993-09-10;29709025156,0
1993-09-11;29709025156,0
1993-09-12;29709025156,0
1993-09-13;29780877702,0
1993-09-14;29764425481,0
1993-09-15;29740070955,0
1993-09-16;29755475657,0
1993-09-17;29795519534,0
1993-09-18;29795519534,0
1993-09-19;29795519534,0
1993-09-20;29847986634,0
1993-09-21;29889320149,0
1993-09-22;29909660582,0
1993-09-23;29958079220,0
1993-09-24;30109339569,0
1993-09-25;30109339569,0
1993-09-26;30109339569,0
1993-09-27;30246170345,0
1993-09-28;29941977579,0
1993-09-29;30668465269,0
1993-09-30;30685720290,0
1993-10-01;30766545113,0
1993-10-02;30766545113,0
1993-10-03;30766545113,0
1993-10-04;30841646857,0
1993-10-05;30878321694,0
1993-10-06;30914477136,0
1993-10-07;30961790182,0
1993-10-08;31016781348,0
1993-10-09;31016781348,0
1993-10-10;31016781348,0
1993-10-11;31114320377,0
1993-10-12;31114320377,0
1993-10-13;31152250725,0
1993-10-14;31167744253,0
1993-10-15;31212156253,0
1993-10-16;31212156253,0
1993-10-17;31212156253,0
1993-10-18;31280184078,0
1993-10-19;31343144048,0
1993-10-20;31366154839,0
1993-10-21;31451585938,0
1993-10-22;31535769651,0
1993-10-23;31535769651,0
1993-10-24;31535769651,0
1993-10-25;31626559673,0
1993-10-26;31795195496,0
1993-10-27;31428309450,0
1993-10-28;32839730563,0
1993-10-29;32857919984,0
1993-10-30;32857919984,0
1993-10-31;32857919984,0
1993-11-01;32857919984,0
1993-11-02;32952057868,0
1993-11-03;32926135706,0
1993-11-04;33006798180,0
1993-11-05;33059630522,0
1993-11-06;33059630522,0
1993-11-07;33059630522,0
1993-11-08;33135357673,0
1993-11-09;33130894317,0
1993-11-10;33194341165,0
1993-11-11;33231108681,0
1993-11-12;33288987716,0
1993-11-13;33288987716,0
1993-11-14;33288987716,0
1993-11-15;33421012095,0
1993-11-16;33481134619,0
1993-11-17;33539065407,0
1993-11-18;33669156471,0
1993-11-19;33899672451,0
1993-11-20;33899672451,0
1993-11-21;33899672451,0
1993-11-22;34063842075,0
1993-11-23;34175688013,0
1993-11-24;34281807948,0
1993-11-25;34345230402,0
1993-11-26;33844272600,0
1993-11-27;33844272600,0
1993-11-28;33844272600,0
1993-11-29;35242206561,0
1993-11-30;35275114828,0
1993-12-01;35346718561,0
1993-12-02;35403069377,0
1993-12-03;35490395592,0
1993-12-04;35490395592,0
1993-12-05;35490395592,0
1993-12-06;35652350649,0
1993-12-07;35643278744,0
1993-12-08;35643278744,0
1993-12-09;35690847692,0
1993-12-10;35714127939,0
1993-12-11;35714127939,0
1993-12-12;35714127939,0
1993-12-13;35749544365,0
1993-12-14;35806969753,0
1993-12-15;35891413960,0
1993-12-16;35944213696,0
1993-12-17;36045091722,0
1993-12-18;36045091722,0
1993-12-19;36045091722,0
1993-12-20;36157161960,0
1993-12-21;36235115989,0
1993-12-22;36353482475,0
1993-12-23;36595158283,0
1993-12-24;36718502077,0
1993-12-25;36718502077,0
1993-12-26;36718502077,0
1993-12-27;36931353930,0
1993-12-28;36380293098,0
1993-12-29;37743062638,0
1993-12-30;37900493973,0
1993-12-31;38033473123,0
1994-01-01;38033473123,0
1994-01-02;38033473123,0
1994-01-03;38050945906,0
1994-01-04;38121000792,0
1994-01-05;38307371968,0
1994-01-06;38522471234,0
1994-01-07;38771986573,0
1994-01-08;38771986573,0
1994-01-09;38771986573,0
1994-01-10;39025393504,0
1994-01-11;39115623116,0
1994-01-12;39187448260,0
1994-01-13;39381734977,0
1994-01-14;39560030052,0
1994-01-15;39560030052,0
1994-01-16;39560030052,0
1994-01-17;39719121466,0
1994-01-18;39811434010,0
1994-01-19;39898447398,0
1994-01-20;40010008355,0
1994-01-21;40093241700,0
1994-01-22;40093241700,0
1994-01-23;40093241700,0
1994-01-24;40327580385,0
1994-01-25;40305080017,0
1994-01-26;40480852735,0
1994-01-27;40067099273,0
1994-01-28;41193186648,0
1994-01-29;41193186648,0
1994-01-30;41193186648,0
1994-01-31;41327344678,0
1994-02-01;41368072598,0
1994-02-02;41511468149,0
1994-02-03;41678230297,0
1994-02-04;41884021788,0
1994-02-05;41884021788,0
1994-02-06;41884021788,0
1994-02-07;42031366545,0
1994-02-08;42119828657,0
1994-02-09;42292430400,0
1994-02-10;42482762243,0
1994-02-11;42672193315,0
1994-02-12;42672193315,0
1994-02-13;42672193315,0
1994-02-14;42755633673,0
1994-02-15;42719728365,0
1994-02-16;42721203591,0
1994-02-17;42709609543,0
1994-02-18;42722492928,0
1994-02-19;42722492928,0
1994-02-20;42722492928,0
1994-02-21;42774788710,0
1994-02-22;42887957035,0
1994-02-23;42848137844,0
1994-02-24;42827521438,0
1994-02-25;41914074614,0
1994-02-26;41914074614,0
1994-02-27;41914074614,0
1994-02-28;43771881258,0
1994-03-01;43841105898,0
1994-03-02;43860353038,0
1994-03-03;43755246562,0
1994-03-04;43670511556,0
1994-03-05;43670511556,0
1994-03-06;43670511556,0
1994-03-07;43590535152,0
1994-03-08;43511526616,0
1994-03-09;43474676433,0
1994-03-10;43414131709,0
1994-03-11;43324977341,0
1994-03-12;43324977341,0
1994-03-13;43324977341,0
1994-03-14;43274229879,0
1994-03-15;43282415620,0
1994-03-16;43311468843,0
1994-03-17;43350123052,0
1994-03-18;43386352475,0
1994-03-19;43386352475,0
1994-03-20;43386352475,0
1994-03-21;43407574207,0
1994-03-22;43296515129,0
1994-03-23;43210818046,0
1994-03-24;43210272538,0
1994-03-25;43237740017,0
1994-03-26;43237740017,0
1994-03-27;43237740017,0
1994-03-28;43262199449,0
1994-03-29;42732345875,0
1994-03-30;44788356319,0
1994-03-31;44633930126,0
1994-04-01;44633930126,0
1994-04-02;44633930126,0
1994-04-03;44633930126,0
1994-04-04;44488496974,0
1994-04-05;44267981844,0
1994-04-06;44113461542,0
1994-04-07;44028675872,0
1994-04-08;43956501551,0
1994-04-09;43956501551,0
1994-04-10;43956501551,0
1994-04-11;44012088655,0
1994-04-12;43949799746,0
1994-04-13;43939100105,0
1994-04-14;43946336595,0
1994-04-15;44014680256,0
1994-04-16;44014680256,0
1994-04-17;44014680256,0
1994-04-18;44120654866,0
1994-04-19;44324587385,0
1994-04-20;44464202608,0
1994-04-21;44580190152,0
1994-04-22;44641652461,0
1994-04-23;44641652461,0
1994-04-24;44641652461,0
1994-04-25;44804631247,0
1994-04-26;44859295746,0
1994-04-27;44408689460,0
1994-04-28;46412885466,0
1994-04-29;46559427188,0
1994-04-30;46559427188,0
1994-05-01;46559427188,0
1994-05-02;46702733756,0
1994-05-03;46772585921,0
1994-05-04;43836794341,0
1994-05-05;46940312872,0
1994-05-06;47046338588,0
1994-05-07;47046338588,0
1994-05-08;47046338588,0
1994-05-09;47150978169,0
1994-05-10;47159139685,0
1994-05-11;47141422017,0
1994-05-12;47157428631,0
1994-05-13;47102230253,0
1994-05-14;47102230253,0
1994-05-15;47102230253,0
1994-05-16;47075306331,0
1994-05-17;47076768682,0
1994-05-18;47088549607,0
1994-05-19;47203119588,0
1994-05-20;47313339520,0
1994-05-21;47313339520,0
1994-05-22;47313339520,0
1994-05-23;47378637902,0
1994-05-24;47462008359,0
1994-05-25;47581318587,0
1994-05-26;47300132880,0
1994-05-27;48947814140,0
1994-05-28;48947814140,0
1994-05-29;48947814140,0
1994-05-30;49099096631,0
1994-05-31;49234730823,0
1994-06-01;49362345465,0
1994-06-02;49362345465,0
1994-06-03;49478964936,0
1994-06-04;49478964936,0
1994-06-05;49478964936,0
1994-06-06;49623656199,0
1994-06-07;49740940679,0
1994-06-08;49804225192,0
1994-06-09;49980627151,0
1994-06-10;50113779238,0
1994-06-11;50113779238,0
1994-06-12;50113779238,0
1994-06-13;50183115205,0
1994-06-14;50216349337,0
1994-06-15;50283776192,0
1994-06-16;50379551839,0
1994-06-17;50431591522,0
1994-06-18;50431591522,0
1994-06-19;50431591522,0
1994-06-20;50527248811,0
1994-06-21;50467024221,0
1994-06-22;50438697100,0
1994-06-23;50456375783,0
1994-06-24;50451872199,0
1994-06-25;50451872199,0
1994-06-26;50451872199,0
1994-06-27;49818795664,0
1994-06-28;52457021677,0
1994-06-29;52457021677,0
1994-06-30;52495518997,0
1994-07-01;52428688852,0
1994-07-02;52428688852,0
1994-07-03;52428688852,0
1994-07-04;52386894454,0
1994-07-05;52365165520,0
1994-07-06;52348836151,0
1994-07-07;52325149558,0
1994-07-08;52326775375,0
1994-07-09;52326775375,0
1994-07-10;52326775375,0
1994-07-11;52234360156,0
1994-07-12;52137886066,0
1994-07-13;52081293971,0
1994-07-14;52090307137,0
1994-07-15;52164456705,0
1994-07-16;52164456705,0
1994-07-17;52164456705,0
1994-07-18;52235716688,0
1994-07-19;52281618348,0
1994-07-20;52335985932,0
1994-07-21;52317423923,0
1994-07-22;52365287714,0
1994-07-23;52365287714,0
1994-07-24;52365287714,0
1994-07-25;52621123212,0
1994-07-26;52582917047,0
1994-07-27;51681629737,0
1994-07-28;54314866090,0
1994-07-29;54307799935,0
1994-07-30;54307799935,0
1994-07-31;54307799935,0
1994-08-01;54330351058,0
1994-08-02;54334846624,0
1994-08-03;54353746838,0
1994-08-04;54440178174,0
1994-08-05;54588720347,0
1994-08-06;54588720347,0
1994-08-07;54588720347,0
1994-08-08;54639316013,0
1994-08-09;54765326102,0
1994-08-10;54823720166,0
1994-08-11;55001168889,0
1994-08-12;55072612019,0
1994-08-13;55072612019,0
1994-08-14;55072612019,0
1994-08-15;55072612019,0
1994-08-16;55198097600,0
1994-08-17;55256176384,0
1994-08-18;55313265243,0
1994-08-19;55355101282,0
1994-08-20;55355101282,0
1994-08-21;55355101282,0
1994-08-22;55430849864,0
1994-08-23;55479392080,0
1994-08-24;55654693112,0
1994-08-25;55802179316,0
1994-08-26;55920629312,0
1994-08-27;55920629312,0
1994-08-28;55920629312,0
1994-08-29;55016232946,0
1994-08-30;57718974398,0
1994-08-31;57836330020,0
1994-09-01;57961174776,0
1994-09-02;58039217850,0
1994-09-03;58039217850,0
1994-09-04;58039217850,0
1994-09-05;58124120226,0
1994-09-06;58169186542,0
1994-09-07;58156455105,0
1994-09-08;58158438466,0
1994-09-09;58160220512,0
1994-09-10;58160220512,0
1994-09-11;58160220512,0
1994-09-12;58217935943,0
1994-09-13;58208984758,0
1994-09-14;58205627259,0
1994-09-15;58173952060,0
1994-09-16;58201925328,0
1994-09-17;58201925328,0
1994-09-18;58201925328,0
1994-09-19;58201925328,0
1994-09-20;58291790634,0
1994-09-21;58370784856,0
1994-09-22;58484689199,0
1994-09-23;58540550997,0
1994-09-24;58540550997,0
1994-09-25;58540550997,0
1994-09-26;58738511663,0
1994-09-27;58936393292,0
1994-09-28;57855596884,0
1994-09-29;60139212973,0
1994-09-30;60238836835,0
1994-10-01;60238836835,0
1994-10-02;60238836835,0
1994-10-03;60500732382,0
1994-10-04;60600792916,0
1994-10-05;60789501265,0
1994-10-06;60887864238,0
1994-10-07;61062578248,0
1994-10-08;61062578248,0
1994-10-09;61062578248,0
1994-10-10;61250306992,0
1994-10-11;61348158040,0
1994-10-12;61348158040,0
1994-10-13;61503627521,0
1994-10-14;61754162499,0
1994-10-15;61754162499,0
1994-10-16;61754162499,0
1994-10-17;61963614353,0
1994-10-18;62235030252,0
1994-10-19;62413495509,0
1994-10-20;62639824797,0
1994-10-21;62963749557,0
1994-10-22;62963749557,0
1994-10-23;62963749557,0
1994-10-24;63106573943,0
1994-10-25;63383537785,0
1994-10-26;63694684991,0
1994-10-27;62634389033,0
1994-10-28;64397919442,0
1994-10-29;64397919442,0
1994-10-30;64397919442,0
1994-10-31;64456328790,0
1994-11-01;64456328790,0
1994-11-02;64473393786,0
1994-11-03;64471159670,0
1994-11-04;64378178127,0
1994-11-05;64378178127,0
1994-11-06;64378178127,0
1994-11-07;64305033510,0
1994-11-08;64297538021,0
1994-11-09;64251282985,0
1994-11-10;64225454889,0
1994-11-11;64312104874,0
1994-11-12;64312104874,0
1994-11-13;64312104874,0
1994-11-14;64383704605,0
1994-11-15;64466175877,0
1994-11-16;64455991005,0
1994-11-17;64492284262,0
1994-11-18;64584795538,0
1994-11-19;64584795538,0
1994-11-20;64584795538,0
1994-11-21;64684882054,0
1994-11-22;64808122809,0
1994-11-23;64806570226,0
1994-11-24;64948781380,0
1994-11-25;64887724205,0
1994-11-26;64887724205,0
1994-11-27;64887724205,0
1994-11-28;63822986214,0
1994-11-29;65018790341,0
1994-11-30;65031473038,0
1994-12-01;65062185627,0
1994-12-02;65059651709,0
1994-12-03;65059651709,0
1994-12-04;65059651709,0
1994-12-05;65060396020,0
1994-12-06;65021784743,0
1994-12-07;65114471434,0
1994-12-08;65114471434,0
1994-12-09;65206163964,0
1994-12-10;65206163964,0
1994-12-11;65206163964,0
1994-12-12;65351270084,0
1994-12-13;65390130030,0
1994-12-14;65455854999,0
1994-12-15;65498299905,0
1994-12-16;65404317118,0
1994-12-17;65404317118,0
1994-12-18;65404317118,0
1994-12-19;65421110282,0
1994-12-20;65425454328,0
1994-12-21;65460229113,0
1994-12-22;65357507501,0
1994-12-23;65190436425,0
1994-12-24;65190436425,0
1994-12-25;65190436425,0
1994-12-26;65153626455,0
1994-12-27;63827382379,0
1994-12-28;65608367644,0
1994-12-29;65637003769,0
1994-12-30;65728034874,0
1994-12-31;65728034874,0
1995-01-01;65728034874,0
1995-01-02;65706150208,0
1995-01-03;65603071446,0
1995-01-04;65566008243,0
1995-01-05;65498744724,0
1995-01-06;65515976875,0
1995-01-07;65515976875,0
1995-01-08;65515976875,0
1995-01-09;65463040586,0
1995-01-10;65313506417,0
1995-01-11;65006920166,0
1995-01-12;64562038651,0
1995-01-13;64443303999,0
1995-01-14;64443303999,0
1995-01-15;64443303999,0
1995-01-16;64476670747,0
1995-01-17;64571139948,0
1995-01-18;64615675772,0
1995-01-19;64539598616,0
1995-01-20;64515082725,0
1995-01-21;64515082725,0
1995-01-22;64515082725,0
1995-01-23;64470509983,0
1995-01-24;64397999152,0
1995-01-25;64454586812,0
1995-01-26;63374269851,0
1995-01-27;66004954507,0
1995-01-28;66004954507,0
1995-01-29;66004954507,0
1995-01-30;66136202011,0
1995-01-31;65964345819,0
1995-02-01;65797002504,0
1995-02-02;65808188094,0
1995-02-03;65868096574,0
1995-02-04;65868096574,0
1995-02-05;65868096574,0
1995-02-06;65962379655,0
1995-02-07;66017078733,0
1995-02-08;66049334603,0
1995-02-09;66085763254,0
1995-02-10;66118373463,0
1995-02-11;66118373463,0
1995-02-12;66118373463,0
1995-02-13;66119875294,0
1995-02-14;66192045555,0
1995-02-15;66170045456,0
1995-02-16;66020413666,0
1995-02-17;65737856938,0
1995-02-18;65737856938,0
1995-02-19;65737856938,0
1995-02-20;65615768704,0
1995-02-21;65508215680,0
1995-02-22;65516656231,0
1995-02-23;65517559318,0
1995-02-24;64211229461,0
1995-02-25;64211229461,0
1995-02-26;64211229461,0
1995-02-27;68213814739,0
1995-02-28;68636497218,0
1995-03-01;68608433399,0
1995-03-02;68677974957,0
1995-03-03;68695121695,0
1995-03-04;68695121695,0
1995-03-05;68695121695,0
1995-03-06;68744024032,0
1995-03-07;68724921025,0
1995-03-08;68600881866,0
1995-03-09;68391114013,0
1995-03-10;68075964932,0
1995-03-11;68075964932,0
1995-03-12;68075964932,0
1995-03-13;67721787994,0
1995-03-14;67571278531,0
1995-03-15;67681663702,0
1995-03-16;67753472667,0
1995-03-17;67774646973,0
1995-03-18;67774646973,0
1995-03-19;67774646973,0
1995-03-20;67847372656,0
1995-03-21;67844703629,0
1995-03-22;67923081966,0
1995-03-23;68028123912,0
1995-03-24;68264439277,0
1995-03-25;68264439277,0
1995-03-26;68264439277,0
1995-03-27;68987680387,0
1995-03-28;68367405537,0
1995-03-29;71785774528,0
1995-03-30;71870979674,0
1995-03-31;72008303479,0
1995-04-01;72008303479,0
1995-04-02;72008303479,0
1995-04-03;72036739180,0
1995-04-04;72134419695,0
1995-04-05;72228341230,0
1995-04-06;72396308371,0
1995-04-07;72574655848,0
1995-04-08;72574655848,0
1995-04-09;72574655848,0
1995-04-10;72727879728,0
1995-04-11;72710158909,0
1995-04-12;72777124246,0
1995-04-13;72869258479,0
1995-04-14;72869258479,0
1995-04-15;72869258479,0
1995-04-16;72869258479,0
1995-04-17;73007643876,0
1995-04-18;72991151286,0
1995-04-19;73021620917,0
1995-04-20;73036362752,0
1995-04-21;73157032403,0
1995-04-22;73157032403,0
1995-04-23;73157032403,0
1995-04-24;73172477092,0
1995-04-25;73392225439,0
1995-04-26;72773420197,0
1995-04-27;76680431561,0
1995-04-28;76848861326,0
1995-04-29;76848861326,0
1995-04-30;76848861326,0
1995-05-01;76848861326,0
1995-05-02;76885582511,0
1995-05-03;76899960596,0
1995-05-04;76985186951,0
1995-05-05;77242647001,0
1995-05-06;77242647001,0
1995-05-07;77242647001,0
1995-05-08;77405231417,0
1995-05-09;77551511362,0
1995-05-10;77727674094,0
1995-05-11;77830862253,0
1995-05-12;77998392030,0
1995-05-13;77998392030,0
1995-05-14;77998392030,0
1995-05-15;78159871221,0
1995-05-16;78310924417,0
1995-05-17;78432958431,0
1995-05-18;78551925499,0
1995-05-19;78964032326,0
1995-05-20;78964032326,0
1995-05-21;78964032326,0
1995-05-22;79295305523,0
1995-05-23;79411019109,0
1995-05-24;79757856470,0
1995-05-25;79870374723,0
1995-05-26;79987260179,0
1995-05-27;79987260179,0
1995-05-28;79987260179,0
1995-05-29;79319573985,0
1995-05-30;83273566496,0
1995-05-31;83418652800,0
1995-06-01;83618185212,0
1995-06-02;83584812418,0
1995-06-03;83584812418,0
1995-06-04;83584812418,0
1995-06-05;83581500667,0
1995-06-06;83662039832,0
1995-06-07;83907937036,0
1995-06-08;84016108638,0
1995-06-09;83985156737,0
1995-06-10;83985156737,0
1995-06-11;83985156737,0
1995-06-12;84000324144,0
1995-06-13;84001746303,0
1995-06-14;83941536648,0
1995-06-15;83941536648,0
1995-06-16;83951283875,0
1995-06-17;83951283875,0
1995-06-18;83951283875,0
1995-06-19;83914405736,0
1995-06-20;83806733655,0
1995-06-21;83671986688,0
1995-06-22;83474292618,0
1995-06-23;83364795014,0
1995-06-24;83364795014,0
1995-06-25;83364795014,0
1995-06-26;83442173481,0
1995-06-27;83600916571,0
1995-06-28;82739282270,0
1995-06-29;82739282270,0
1995-06-30;90300009261,0
1995-07-01;90300009261,0
1995-07-02;90300009261,0
1995-07-03;90574084164,0
1995-07-04;90669377428,0
1995-07-05;90631726054,0
1995-07-06;90821605034,0
1995-07-07;91052249683,0
1995-07-08;91052249683,0
1995-07-09;91052249683,0
1995-07-10;91350578442,0
1995-07-11;91647306574,0
1995-07-12;92014100458,0
1995-07-13;92170140938,0
1995-07-14;92236552406,0
1995-07-15;92236552406,0
1995-07-16;92236552406,0
1995-07-17;92381656280,0
1995-07-18;92429084456,0
1995-07-19;92491832794,0
1995-07-20;92636030640,0
1995-07-21;92765283036,0
1995-07-22;92765283036,0
1995-07-23;92765283036,0
1995-07-24;92751351196,0
1995-07-25;92758683668,0
1995-07-26;92598409778,0
1995-07-27;90902405826,0
1995-07-28;97429862877,0
1995-07-29;97429862877,0
1995-07-30;97429862877,0
1995-07-31;97402624549,0
1995-08-01;97375653634,0
1995-08-02;97220070049,0
1995-08-03;97257787163,0
1995-08-04;97184361659,0
1995-08-05;97184361659,0
1995-08-06;97184361659,0
1995-08-07;97140314309,0
1995-08-08;97066702312,0
1995-08-09;97053370156,0
1995-08-10;96877374045,0
1995-08-11;96592158437,0
1995-08-12;96592158437,0
1995-08-13;96592158437,0
1995-08-14;96385280197,0
1995-08-15;96385280197,0
1995-08-16;95958464213,0
1995-08-17;95511733487,0
1995-08-18;95400964341,0
1995-08-19;95400964341,0
1995-08-20;95400964341,0
1995-08-21;95553988679,0
1995-08-22;95475397917,0
1995-08-23;95590096141,0
1995-08-24;95760329412,0
1995-08-25;95676726112,0
1995-08-26;95676726112,0
1995-08-27;95676726112,0
1995-08-28;95664511897,0
1995-08-29;94103899279,0
1995-08-30;98676952888,0
1995-08-31;98763109726,0
1995-09-01;98850874461,0
1995-09-02;98850874461,0
1995-09-03;98850874461,0
1995-09-04;98914909272,0
1995-09-05;98843471928,0
1995-09-06;98880506383,0
1995-09-07;98788543366,0
1995-09-08;98822495866,0
1995-09-09;98822495866,0
1995-09-10;98822495866,0
1995-09-11;98822495866,0
1995-09-12;98858220603,0
1995-09-13;98911937099,0
1995-09-14;98995640091,0
1995-09-15;98907376890,0
1995-09-16;98907376890,0
1995-09-17;98907376890,0
1995-09-18;98907376890,0
1995-09-19;98907376890,0
1995-09-20;99035175229,0
1995-09-21;99101068713,0
1995-09-22;99202043298,0
1995-09-23;99202043298,0
1995-09-24;99202043298,0
1995-09-25;99293554647,0
1995-09-26;99476864893,0
1995-09-27;99443806536,0
1995-09-28;99173741557,0
1995-09-29;97410834242,0
1995-09-30;97410834242,0
1995-10-01;97410834242,0
1995-10-02;1,00227936344e+11
1995-10-03;1,00208458395e+11
1995-10-04;1,00193586417e+11
1995-10-05;1,00292857068e+11
1995-10-06;1,00274578716e+11
1995-10-07;1,00274578716e+11
1995-10-08;1,00274578716e+11
1995-10-09;1,00371116042e+11
1995-10-10;1,00245185776e+11
1995-10-11;1,00163580206e+11
1995-10-12;1,00163580206e+11
1995-10-13;1,00241611109e+11
1995-10-14;1,00241611109e+11
1995-10-15;1,00241611109e+11
1995-10-16;1,00375047698e+11
1995-10-17;1,00388586214e+11
1995-10-18;1,00453893646e+11
1995-10-19;1,0050477274e+11
1995-10-20;1,00466623363e+11
1995-10-21;1,00466623363e+11
1995-10-22;1,00466623363e+11
1995-10-23;1,01126175961e+11
1995-10-24;1,01249800329e+11
1995-10-25;1,01377439227e+11
1995-10-26;1,01423018649e+11
1995-10-27;99581696973,0
1995-10-28;99581696973,0
1995-10-29;99581696973,0
1995-10-30;1,03534624132e+11
1995-10-31;1,03540231533e+11
1995-11-01;1,03540231533e+11
1995-11-02;1,03501940824e+11
1995-11-03;1,04098141808e+11
1995-11-04;1,04098141808e+11
1995-11-05;1,04098141808e+11
1995-11-06;1,03926428021e+11
1995-11-07;1,03831545118e+11
1995-11-08;1,03910569471e+11
1995-11-09;1,03844001444e+11
1995-11-10;1,03527770836e+11
1995-11-11;1,03527770836e+11
1995-11-12;1,03527770836e+11
1995-11-13;1,03293669669e+11
1995-11-14;1,03254194999e+11
1995-11-15;1,03176849521e+11
1995-11-16;1,03064155471e+11
1995-11-17;1,02897817023e+11
1995-11-18;1,02897817023e+11
1995-11-19;1,02897817023e+11
1995-11-20;1,02853264356e+11
1995-11-21;1,02958014835e+11
1995-11-22;1,02850883588e+11
1995-11-23;1,02952027807e+11
1995-11-24;1,0291153634e+11
1995-11-25;1,0291153634e+11
1995-11-26;1,0291153634e+11
1995-11-27;1,03039812469e+11
1995-11-28;1,03193363744e+11
1995-11-29;1,00240980942e+11
1995-11-30;1,03888924328e+11
1995-12-01;1,04006799744e+11
1995-12-02;1,04006799744e+11
1995-12-03;1,04006799744e+11
1995-12-04;1,04116156379e+11
1995-12-05;1,04429193294e+11
1995-12-06;1,04489272607e+11
1995-12-07;1,04669819043e+11
1995-12-08;1,04669819043e+11
1995-12-09;1,04669819043e+11
1995-12-10;1,04669819043e+11
1995-12-11;1,04874398074e+11
1995-12-12;1,04928705472e+11
1995-12-13;1,05063241367e+11
1995-12-14;1,05220681293e+11
1995-12-15;1,05310702045e+11
1995-12-16;1,05310702045e+11
1995-12-17;1,05310702045e+11
1995-12-18;1,05581007353e+11
1995-12-19;1,05548185137e+11
1995-12-20;1,05767287902e+11
1995-12-21;1,05926065163e+11
1995-12-22;1,06047248564e+11
1995-12-23;1,06047248564e+11
1995-12-24;1,06047248564e+11
1995-12-25;1,06047248564e+11
1995-12-26;1,06319134171e+11
1995-12-27;1,06609831894e+11
1995-12-28;1,04663935138e+11
1995-12-29;1,08483194081e+11
1995-12-30;1,08483194081e+11
1995-12-31;1,08483194081e+11
1996-01-01;1,08483194081e+11
1996-01-02;1,08525361976e+11
1996-01-03;1,08534960148e+11
1996-01-04;1,08710328732e+11
1996-01-05;1,08829928766e+11
1996-01-06;1,08829928766e+11
1996-01-07;1,08829928766e+11
1996-01-08;1,08872151328e+11
1996-01-09;1,08847156144e+11
1996-01-10;1,08879211107e+11
1996-01-11;1,08905376942e+11
1996-01-12;1,08939644293e+11
1996-01-13;1,08939644293e+11
1996-01-14;1,08939644293e+11
1996-01-15;1,08983777164e+11
1996-01-16;1,09058101531e+11
1996-01-17;1,09183945266e+11
1996-01-18;1,09309032333e+11
1996-01-19;1,09409811245e+11
1996-01-20;1,09409811245e+11
1996-01-21;1,09409811245e+11
1996-01-22;1,09400924756e+11
1996-01-23;1,09449991138e+11
1996-01-24;1,09286947263e+11
1996-01-25;1,09483187076e+11
1996-01-26;1,09419164769e+11
1996-01-27;1,09419164769e+11
1996-01-28;1,09419164769e+11
1996-01-29;1,06473677435e+11
1996-01-30;1,10948165074e+11
1996-01-31;1,10898886386e+11
1996-02-01;1,10877705526e+11
1996-02-02;1,10829549603e+11
1996-02-03;1,10829549603e+11
1996-02-04;1,10829549603e+11
1996-02-05;1,1083234757e+11
1996-02-06;1,10784278972e+11
1996-02-07;1,10825736806e+11
1996-02-08;1,10830264521e+11
1996-02-09;1,10838451156e+11
1996-02-10;1,10838451156e+11
1996-02-11;1,10838451156e+11
1996-02-12;1,10924329715e+11
1996-02-13;1,1097615811e+11
1996-02-14;1,10922422966e+11
1996-02-15;1,10996967742e+11
1996-02-16;1,11061046688e+11
1996-02-17;1,11061046688e+11
1996-02-18;1,11061046688e+11
1996-02-19;1,10930417373e+11
1996-02-20;1,10771240539e+11
1996-02-21;1,10737549111e+11
1996-02-22;1,10914316358e+11
1996-02-23;1,10895080983e+11
1996-02-24;1,10895080983e+11
1996-02-25;1,10895080983e+11
1996-02-26;1,10964636832e+11
1996-02-27;1,11101130892e+11
1996-02-28;1,0811273051e+11
1996-02-29;1,12675027952e+11
1996-03-01;1,12715827944e+11
1996-03-02;1,12715827944e+11
1996-03-03;1,12715827944e+11
1996-03-04;1,12784752938e+11
1996-03-05;1,12848660814e+11
1996-03-06;1,13022937225e+11
1996-03-07;1,13137243992e+11
1996-03-08;1,13104036342e+11
1996-03-09;1,13104036342e+11
1996-03-10;1,13104036342e+11
1996-03-11;1,1312528894e+11
1996-03-12;1,13030732871e+11
1996-03-13;1,13054817091e+11
1996-03-14;1,13061663509e+11
1996-03-15;1,13081053131e+11
1996-03-16;1,13081053131e+11
1996-03-17;1,13081053131e+11
1996-03-18;1,13097494167e+11
1996-03-19;1,13085908035e+11
1996-03-20;1,13054970089e+11
1996-03-21;1,13002085815e+11
1996-03-22;1,13142488163e+11
1996-03-23;1,13142488163e+11
1996-03-24;1,13142488163e+11
1996-03-25;1,1327247251e+11
1996-03-26;1,13407231133e+11
1996-03-27;1,13383544003e+11
1996-03-28;1,11041513363e+11
1996-03-29;1,13339060571e+11
1996-03-30;1,13339060571e+11
1996-03-31;1,13339060571e+11
1996-04-01;1,13327106955e+11
1996-04-02;1,13273328565e+11
1996-04-03;1,13069599527e+11
1996-04-04;1,12997326849e+11
1996-04-05;1,12997326849e+11
1996-04-06;1,12997326849e+11
1996-04-07;1,12997326849e+11
1996-04-08;1,12936687875e+11
1996-04-09;1,12684591634e+11
1996-04-10;1,12556056003e+11
1996-04-11;1,12515194726e+11
1996-04-12;1,12464913235e+11
1996-04-13;1,12464913235e+11
1996-04-14;1,12464913235e+11
1996-04-15;1,12453271747e+11
1996-04-16;1,12450285042e+11
1996-04-17;1,12526085859e+11
1996-04-18;1,12604508473e+11
1996-04-19;1,12824388864e+11
1996-04-20;1,12824388864e+11
1996-04-21;1,12824388864e+11
1996-04-22;1,13103621004e+11
1996-04-23;1,134100484e+11
1996-04-24;1,13805568589e+11
1996-04-25;1,1413178984e+11
1996-04-26;1,14460621505e+11
1996-04-27;1,14460621505e+11
1996-04-28;1,14460621505e+11
1996-04-29;1,10886725681e+11
1996-04-30;1,12437129107e+11
1996-05-01;1,12437129107e+11
1996-05-02;1,12468766338e+11
1996-05-03;1,12729919389e+11
1996-05-04;1,12729919389e+11
1996-05-05;1,12729919389e+11
1996-05-06;1,13061449213e+11
1996-05-07;1,13088344335e+11
1996-05-08;1,13195806132e+11
1996-05-09;1,13330970184e+11
1996-05-10;1,13579601797e+11
1996-05-11;1,13579601797e+11
1996-05-12;1,13579601797e+11
1996-05-13;1,13792876137e+11
1996-05-14;1,13880635255e+11
1996-05-15;1,1375876087e+11
1996-05-16;1,13869700047e+11
1996-05-17;1,13935482995e+11
1996-05-18;1,13935482995e+11
1996-05-19;1,13935482995e+11
1996-05-20;1,14075425427e+11
1996-05-21;1,14075425427e+11
1996-05-22;1,14154144146e+11
1996-05-23;1,14169508737e+11
1996-05-24;1,14304913084e+11
1996-05-25;1,14304913084e+11
1996-05-26;1,14304913084e+11
1996-05-27;1,14258632503e+11
1996-05-28;1,14275441451e+11
1996-05-29;1,14260986735e+11
1996-05-30;1,08793865651e+11
1996-05-31;1,09433221981e+11
1996-06-01;1,09433221981e+11
1996-06-02;1,09433221981e+11
1996-06-03;1,09336408547e+11
1996-06-04;1,09393354064e+11
1996-06-05;1,09223032255e+11
1996-06-06;1,09223032255e+11
1996-06-07;1,09105210293e+11
1996-06-08;1,09105210293e+11
1996-06-09;1,09105210293e+11
1996-06-10;1,09119991178e+11
1996-06-11;1,09027269877e+11
1996-06-12;1,09136774437e+11
1996-06-13;1,0920184571e+11
1996-06-14;1,09521898544e+11
1996-06-15;1,09521898544e+11
1996-06-16;1,09521898544e+11
1996-06-17;1,09781619982e+11
1996-06-18;1,09824090638e+11
1996-06-19;1,09892005354e+11
1996-06-20;1,10098033857e+11
1996-06-21;1,10291384776e+11
1996-06-22;1,10291384776e+11
1996-06-23;1,10291384776e+11
1996-06-24;1,10509798461e+11
1996-06-25;1,10701453101e+11
1996-06-26;1,1088230103e+11
1996-06-27;1,01659705946e+11
1996-06-28;1,02874270864e+11
1996-06-29;1,02874270864e+11
1996-06-30;1,02874270864e+11
1996-07-01;1,02991454705e+11
1996-07-02;1,03108494406e+11
1996-07-03;1,03315971253e+11
1996-07-04;1,03606322299e+11
1996-07-05;1,03811853745e+11
1996-07-06;1,03811853745e+11
1996-07-07;1,03811853745e+11
1996-07-08;1,03880948844e+11
1996-07-09;1,03995482406e+11
1996-07-10;1,04082765047e+11
1996-07-11;1,04222731051e+11
1996-07-12;1,04404680224e+11
1996-07-13;1,04404680224e+11
1996-07-14;1,04404680224e+11
1996-07-15;1,04515170147e+11
1996-07-16;1,04576984806e+11
1996-07-17;1,04397936626e+11
1996-07-18;1,04379977606e+11
1996-07-19;1,043445758e+11
1996-07-20;1,043445758e+11
1996-07-21;1,043445758e+11
1996-07-22;1,04341012244e+11
1996-07-23;1,04221023005e+11
1996-07-24;1,04120493648e+11
1996-07-25;1,04170558549e+11
1996-07-26;1,04132074746e+11
1996-07-27;1,04132074746e+11
1996-07-28;1,04132074746e+11
1996-07-29;95674071704,0
1996-07-30;97135760950,0
1996-07-31;97303594430,0
1996-08-01;97169178191,0
1996-08-02;97248012554,0
1996-08-03;97248012554,0
1996-08-04;97248012554,0
1996-08-05;97314514010,0
1996-08-06;97296126920,0
1996-08-07;97270457499,0
1996-08-08;97296007418,0
1996-08-09;97321790223,0
1996-08-10;97321790223,0
1996-08-11;97321790223,0
1996-08-12;97327741093,0
1996-08-13;97379846249,0
1996-08-14;97303647469,0
1996-08-15;97303647469,0
1996-08-16;97268401490,0
1996-08-17;97268401490,0
1996-08-18;97268401490,0
1996-08-19;97340641390,0
1996-08-20;97323812159,0
1996-08-21;97288998505,0
1996-08-22;97295409262,0
1996-08-23;97334223189,0
1996-08-24;97334223189,0
1996-08-25;97334223189,0
1996-08-26;97338662427,0
1996-08-27;97443162386,0
1996-08-28;97516999350,0
1996-08-29;91698432796,0
1996-08-30;93533414235,0
1996-08-31;93533414235,0
1996-09-01;93533414235,0
1996-09-02;93314349974,0
1996-09-03;93267439626,0
1996-09-04;93263580204,0
1996-09-05;93157519777,0
1996-09-06;93126337803,0
1996-09-07;93126337803,0
1996-09-08;93126337803,0
1996-09-09;93050836498,0
1996-09-10;93146301890,0
1996-09-11;93146301890,0
1996-09-12;93154095880,0
1996-09-13;93162338813,0
1996-09-14;93162338813,0
1996-09-15;93162338813,0
1996-09-16;93235971661,0
1996-09-17;93331755693,0
1996-09-18;93331755693,0
1996-09-19;93331755693,0
1996-09-20;93386455830,0
1996-09-21;93386455830,0
1996-09-22;93386455830,0
1996-09-23;93425197518,0
1996-09-24;93517454466,0
1996-09-25;93626406997,0
1996-09-26;93914982125,0
1996-09-27;89314217755,0
1996-09-28;89314217755,0
1996-09-29;89314217755,0
1996-09-30;90609571049,0
1996-10-01;90719192022,0
1996-10-02;90748737049,0
1996-10-03;90426962665,0
1996-10-04;90521773149,0
1996-10-05;90521773149,0
1996-10-06;90521773149,0
1996-10-07;90607716106,0
1996-10-08;90670068515,0
1996-10-09;90737569423,0
1996-10-10;90925183336,0
1996-10-11;91143897177,0
1996-10-12;91143897177,0
1996-10-13;91143897177,0
1996-10-14;91338635499,0
1996-10-15;91301704602,0
1996-10-16;91482871873,0
1996-10-17;91589211880,0
1996-10-18;91702155408,0
1996-10-19;91702155408,0
1996-10-20;91702155408,0
1996-10-21;91745610157,0
1996-10-22;91735393806,0
1996-10-23;91653623464,0
1996-10-24;91517650505,0
1996-10-25;91559946528,0
1996-10-26;91559946528,0
1996-10-27;91559946528,0
1996-10-28;91528189065,0
1996-10-29;86732492315,0
1996-10-30;88389316754,0
1996-10-31;88085009354,0
1996-11-01;88085009354,0
1996-11-02;88085009354,0
1996-11-03;88085009354,0
1996-11-04;88105166187,0
1996-11-05;88155359251,0
1996-11-06;88210916209,0
1996-11-07;88193053786,0
1996-11-08;88257309525,0
1996-11-09;88257309525,0
1996-11-10;88257309525,0
1996-11-11;88258030801,0
1996-11-12;88210177566,0
1996-11-13;88168808615,0
1996-11-14;88051641354,0
1996-11-15;87978132300,0
1996-11-16;87978132300,0
1996-11-17;87978132300,0
1996-11-18;88007440005,0
1996-11-19;87828938660,0
1996-11-20;87826457065,0
1996-11-21;87757525942,0
1996-11-22;87868027504,0
1996-11-23;87868027504,0
1996-11-24;87868027504,0
1996-11-25;87949117787,0
1996-11-26;88036101038,0
1996-11-27;88025446776,0
1996-11-28;83143468923,0
1996-11-29;84172054505,0
1996-11-30;84172054505,0
1996-12-01;84172054505,0
1996-12-02;84047987473,0
1996-12-03;83684236113,0
1996-12-04;83572532176,0
1996-12-05;83503222715,0
1996-12-06;83453007423,0
1996-12-07;83453007423,0
1996-12-08;83453007423,0
1996-12-09;83269329810,0
1996-12-10;83176303977,0
1996-12-11;83168004837,0
1996-12-12;83112407579,0
1996-12-13;82945555368,0
1996-12-14;82945555368,0
1996-12-15;82945555368,0
1996-12-16;82926045492,0
1996-12-17;82888850289,0
1996-12-18;82831394570,0
1996-12-19;82710334242,0
1996-12-20;82682432752,0
1996-12-21;82682432752,0
1996-12-22;82682432752,0
1996-12-23;82702765319,0
1996-12-24;82697420368,0
1996-12-25;82697420368,0
1996-12-26;82602592453,0
1996-12-27;82702238472,0
1996-12-28;82702238472,0
1996-12-29;82702238472,0
1996-12-30;78938127601,0
1996-12-31;80020772701,0
1997-01-01;80020772701,0
1997-01-02;80030667761,0
1997-01-03;79819730872,0
1997-01-04;79819730872,0
1997-01-05;79819730872,0
1997-01-06;79916704333,0
1997-01-07;80132699224,0
1997-01-08;80364361217,0
1997-01-09;80608829111,0
1997-01-10;80790063390,0
1997-01-11;80790063390,0
1997-01-12;80790063390,0
1997-01-13;80908722280,0
1997-01-14;81019828486,0
1997-01-15;81064826525,0
1997-01-16;81214773369,0
1997-01-17;81432798546,0
1997-01-18;81432798546,0
1997-01-19;81432798546,0
1997-01-20;81600758390,0
1997-01-21;81740510956,0
1997-01-22;81929781707,0
1997-01-23;82009402133,0
1997-01-24;82091946888,0
1997-01-25;82091946888,0
1997-01-26;82091946888,0
1997-01-27;82301755120,0
1997-01-28;82351600086,0
1997-01-29;82535469998,0
1997-01-30;75772212453,0
1997-01-31;77104167539,0
1997-02-01;77104167539,0
1997-02-02;77104167539,0
1997-02-03;77150224013,0
1997-02-04;76847829656,0
1997-02-05;76799661584,0
1997-02-06;76802623127,0
1997-02-07;76837564500,0
1997-02-08;76837564500,0
1997-02-09;76837564500,0
1997-02-10;77021174027,0
1997-02-11;77303940575,0
1997-02-12;77501922906,0
1997-02-13;77576764203,0
1997-02-14;77619109830,0
1997-02-15;77619109830,0
1997-02-16;77619109830,0
1997-02-17;77819020877,0
1997-02-18;77892903867,0
1997-02-19;77872498735,0
1997-02-20;77945019067,0
1997-02-21;78023739731,0
1997-02-22;78023739731,0
1997-02-23;78023739731,0
1997-02-24;78012769932,0
1997-02-25;78033939738,0
1997-02-26;78152681322,0
1997-02-27;74174710592,0
1997-02-28;75531587531,0
1997-03-01;75531587531,0
1997-03-02;75531587531,0
1997-03-03;75638260423,0
1997-03-04;75627047163,0
1997-03-05;75524206169,0
1997-03-06;75532742315,0
1997-03-07;75565116868,0
1997-03-08;75565116868,0
1997-03-09;75565116868,0
1997-03-10;75624635346,0
1997-03-11;75744954611,0
1997-03-12;75810118061,0
1997-03-13;75842035583,0
1997-03-14;75782367894,0
1997-03-15;75782367894,0
1997-03-16;75782367894,0
1997-03-17;75852250359,0
1997-03-18;75919742201,0
1997-03-19;75934326994,0
1997-03-20;75947670283,0
1997-03-21;75999766465,0
1997-03-22;75999766465,0
1997-03-23;75999766465,0
1997-03-24;76117583250,0
1997-03-25;76167307946,0
1997-03-26;76130037606,0
1997-03-27;72525314925,0
1997-03-28;72525314925,0
1997-03-29;72525314925,0
1997-03-30;72525314925,0
1997-03-31;73140825240,0
1997-04-01;73158867487,0
1997-04-02;73130667114,0
1997-04-03;73085955981,0
1997-04-04;73233150591,0
1997-04-05;73233150591,0
1997-04-06;73233150591,0
1997-04-07;73439464926,0
1997-04-08;73519852674,0
1997-04-09;73575478213,0
1997-04-10;73640045331,0
1997-04-11;73792613653,0
1997-04-12;73792613653,0
1997-04-13;73792613653,0
1997-04-14;73905903544,0
1997-04-15;73885534661,0
1997-04-16;73942695995,0
1997-04-17;73968288723,0
1997-04-18;74086535745,0
1997-04-19;74086535745,0
1997-04-20;74086535745,0
1997-04-21;74309228897,0
1997-04-22;74458101152,0
1997-04-23;74490466267,0
1997-04-24;74500490729,0
1997-04-25;74598944321,0
1997-04-26;74598944321,0
1997-04-27;74598944321,0
1997-04-28;74613843919,0
1997-04-29;71202405061,0
1997-04-30;71936051165,0
1997-05-01;71936051165,0
1997-05-02;72029361011,0
1997-05-03;72029361011,0
1997-05-04;72029361011,0
1997-05-05;72142787125,0
1997-05-06;72187487972,0
1997-05-07;72216579331,0
1997-05-08;72274083270,0
1997-05-09;72315119760,0
1997-05-10;72315119760,0
1997-05-11;72315119760,0
1997-05-12;72390115243,0
1997-05-13;72392571478,0
1997-05-14;72480914059,0
1997-05-15;72504929102,0
1997-05-16;72558999855,0
1997-05-17;72558999855,0
1997-05-18;72558999855,0
1997-05-19;72598017373,0
1997-05-20;72729175415,0
1997-05-21;72729175415,0
1997-05-22;72786127086,0
1997-05-23;72920963907,0
1997-05-24;72920963907,0
1997-05-25;72920963907,0
1997-05-26;73131704163,0
1997-05-27;73236512136,0
1997-05-28;70572488187,0
1997-05-29;70572488187,0
1997-05-30;71386238920,0
1997-05-31;71386238920,0
1997-06-01;71386238920,0
1997-06-02;71512015028,0
1997-06-03;71673452463,0
1997-06-04;71904643060,0
1997-06-05;72131289803,0
1997-06-06;72253701976,0
1997-06-07;72253701976,0
1997-06-08;72253701976,0
1997-06-09;72443994334,0
1997-06-10;72602884200,0
1997-06-11;72667346538,0
1997-06-12;72777786509,0
1997-06-13;72873534547,0
1997-06-14;72873534547,0
1997-06-15;72873534547,0
1997-06-16;73052573575,0
1997-06-17;73132497634,0
1997-06-18;73273732876,0
1997-06-19;73218723980,0
1997-06-20;73203703299,0
1997-06-21;73203703299,0
1997-06-22;73203703299,0
1997-06-23;73214508743,0
1997-06-24;73416176351,0
1997-06-25;73487338747,0
1997-06-26;73523519865,0
1997-06-27;71344779827,0
1997-06-28;71344779827,0
1997-06-29;71344779827,0
1997-06-30;71143791233,0
1997-07-01;71175575986,0
1997-07-02;71162147807,0
1997-07-03;71084775864,0
1997-07-04;71168499903,0
1997-07-05;71168499903,0
1997-07-06;71168499903,0
1997-07-07;71268501325,0
1997-07-08;71354599538,0
1997-07-09;71415271851,0
1997-07-10;71502332156,0
1997-07-11;71613137065,0
1997-07-12;71613137065,0
1997-07-13;71613137065,0
1997-07-14;71608454996,0
1997-07-15;71728194659,0
1997-07-16;71755236042,0
1997-07-17;71768540743,0
1997-07-18;71730973031,0
1997-07-19;71730973031,0
1997-07-20;71730973031,0
1997-07-21;71708596717,0
1997-07-22;71575872293,0
1997-07-23;71486785086,0
1997-07-24;71456853671,0
1997-07-25;71479859208,0
1997-07-26;71479859208,0
1997-07-27;71479859208,0
1997-07-28;71489275314,0
1997-07-29;71500956547,0
1997-07-30;70353295373,0
1997-07-31;70309140465,0
1997-08-01;70314193577,0
1997-08-02;70314193577,0
1997-08-03;70314193577,0
1997-08-04;70366956783,0
1997-08-05;70422301930,0
1997-08-06;70531385713,0
1997-08-07;70618276630,0
1997-08-08;70674478273,0
1997-08-09;70674478273,0
1997-08-10;70674478273,0
1997-08-11;70753057355,0
1997-08-12;70777883265,0
1997-08-13;70677737959,0
1997-08-14;70669525202,0
1997-08-15;70669525202,0
1997-08-16;70669525202,0
1997-08-17;70669525202,0
1997-08-18;70702775771,0
1997-08-19;70654690792,0
1997-08-20;70549034094,0
1997-08-21;70637559161,0
1997-08-22;70624292416,0
1997-08-23;70624292416,0
1997-08-24;70624292416,0
1997-08-25;70674284031,0
1997-08-26;70645858659,0
1997-08-27;70629818913,0
1997-08-28;71233855850,0
1997-08-29;71062516177,0
1997-08-30;71062516177,0
1997-08-31;71062516177,0
1997-09-01;71019333563,0
1997-09-02;70925762181,0
1997-09-03;70886634938,0
1997-09-04;70997026339,0
1997-09-05;71102980922,0
1997-09-06;71102980922,0
1997-09-07;71102980922,0
1997-09-08;71180954290,0
1997-09-09;71119193580,0
1997-09-10;71143683819,0
1997-09-11;71143683819,0
1997-09-12;71203772117,0
1997-09-13;71203772117,0
1997-09-14;71203772117,0
1997-09-15;71258198149,0
1997-09-16;71287727533,0
1997-09-17;71338674366,0
1997-09-18;71338674366,0
1997-09-19;71338674366,0
1997-09-20;71338674366,0
1997-09-21;71338674366,0
1997-09-22;71386952777,0
1997-09-23;71352037982,0
1997-09-24;71301539087,0
1997-09-25;71055274482,0
1997-09-26;71011013459,0
1997-09-27;71011013459,0
1997-09-28;71011013459,0
1997-09-29;70796766933,0
1997-09-30;70893771149,0
1997-10-01;70730195507,0
1997-10-02;70716773374,0
1997-10-03;70706124827,0
1997-10-04;70706124827,0
1997-10-05;70706124827,0
1997-10-06;70706900226,0
1997-10-07;70677961626,0
1997-10-08;70651257900,0
1997-10-09;70554386045,0
1997-10-10;70487130683,0
1997-10-11;70487130683,0
1997-10-12;70487130683,0
1997-10-13;70514044301,0
1997-10-14;70483520921,0
1997-10-15;70321886528,0
1997-10-16;70253274612,0
1997-10-17;70190593724,0
1997-10-18;70190593724,0
1997-10-19;70190593724,0
1997-10-20;70121147418,0
1997-10-21;69990664565,0
1997-10-22;69943713868,0
1997-10-23;69989008757,0
1997-10-24;69979034944,0
1997-10-25;69979034944,0
1997-10-26;69979034944,0
1997-10-27;70060780713,0
1997-10-28;69956028930,0
1997-10-29;69456387195,0
1997-10-30;69485648745,0
1997-10-31;69197103147,0
1997-11-01;69197103147,0
1997-11-02;69197103147,0
1997-11-03;69227812771,0
1997-11-04;69289772042,0
1997-11-05;69323250488,0
1997-11-06;69300435629,0
1997-11-07;69261426075,0
1997-11-08;69261426075,0
1997-11-09;69261426075,0
1997-11-10;69297430572,0
1997-11-11;69250659299,0
1997-11-12;69442763381,0
1997-11-13;69453609410,0
1997-11-14;69389319805,0
1997-11-15;69389319805,0
1997-11-16;69389319805,0
1997-11-17;69354311354,0
1997-11-18;69267755443,0
1997-11-19;69237718042,0
1997-11-20;69219779576,0
1997-11-21;69295323223,0
1997-11-22;69295323223,0
1997-11-23;69295323223,0
1997-11-24;69440396397,0
1997-11-25;69525658541,0
1997-11-26;69654552219,0
1997-11-27;71384137811,0
1997-11-28;71503107810,0
1997-11-29;71503107810,0
1997-11-30;71503107810,0
1997-12-01;71652647096,0
1997-12-02;71641374229,0
1997-12-03;71688843334,0
1997-12-04;71742193444,0
1997-12-05;71901922784,0
1997-12-06;71901922784,0
1997-12-07;71901922784,0
1997-12-08;71901922784,0
1997-12-09;72132181771,0
1997-12-10;72138269031,0
1997-12-11;72138269031,0
1997-12-12;72111669861,0
1997-12-13;72111669861,0
1997-12-14;72111669861,0
1997-12-15;72104671834,0
1997-12-16;72048485911,0
1997-12-17;71929543626,0
1997-12-18;71893041541,0
1997-12-19;71854717795,0
1997-12-20;71854717795,0
1997-12-21;71854717795,0
1997-12-22;71863991380,0
1997-12-23;71852061439,0
1997-12-24;71736030769,0
1997-12-25;71736030769,0
1997-12-26;71664172323,0
1997-12-27;71664172323,0
1997-12-28;71664172323,0
1997-12-29;71675634996,0
1997-12-30;72802242638,0
1997-12-31;72591233261,0
1998-01-01;72591233261,0
1998-01-02;72653362221,0
1998-01-03;72653362221,0
1998-01-04;72653362221,0
1998-01-05;72672688624,0
1998-01-06;72727583650,0
1998-01-07;72790672439,0
1998-01-08;72807545753,0
1998-01-09;72778644805,0
1998-01-10;72778644805,0
1998-01-11;72778644805,0
1998-01-12;72556776685,0
1998-01-13;72182286234,0
1998-01-14;71970948709,0
1998-01-15;71716351448,0
1998-01-16;71604897177,0
1998-01-17;71604897177,0
1998-01-18;71604897177,0
1998-01-19;71451294319,0
1998-01-20;71310382358,0
1998-01-21;71136271615,0
1998-01-22;71015674457,0
1998-01-23;70867142825,0
1998-01-24;70867142825,0
1998-01-25;70867142825,0
1998-01-26;70690094778,0
1998-01-27;70652862799,0
1998-01-28;70432747538,0
1998-01-29;71070658382,0
1998-01-30;71268054078,0
1998-01-31;71268054078,0
1998-02-01;71268054078,0
1998-02-02;71268657447,0
1998-02-03;71441974678,0
1998-02-04;71608948975,0
1998-02-05;71679959561,0
1998-02-06;71740468672,0
1998-02-07;71740468672,0
1998-02-08;71740468672,0
1998-02-09;71747851580,0
1998-02-10;71770020869,0
1998-02-11;71858633673,0
1998-02-12;71954783427,0
1998-02-13;72105562850,0
1998-02-14;72105562850,0
1998-02-15;72105562850,0
1998-02-16;72352652218,0
1998-02-17;72392840334,0
1998-02-18;72430713327,0
1998-02-19;72702352459,0
1998-02-20;72800329280,0
1998-02-21;72800329280,0
1998-02-22;72800329280,0
1998-02-23;73230212780,0
1998-02-24;73260323508,0
1998-02-25;73394464866,0
1998-02-26;73627441090,0
1998-02-27;73722367793,0
1998-02-28;73722367793,0
1998-03-01;73722367793,0
1998-03-02;73958650851,0
1998-03-03;74043683885,0
1998-03-04;74225496307,0
1998-03-05;74349228778,0
1998-03-06;74412135676,0
1998-03-07;74412135676,0
1998-03-08;74412135676,0
1998-03-09;74564823173,0
1998-03-10;74599685864,0
1998-03-11;74703575470,0
1998-03-12;74800119779,0
1998-03-13;74871322822,0
1998-03-14;74871322822,0
1998-03-15;74871322822,0
1998-03-16;75057443951,0
1998-03-17;75225912149,0
1998-03-18;75285662677,0
1998-03-19;75410501939,0
1998-03-20;75454694065,0
1998-03-21;75454694065,0
1998-03-22;75454694065,0
1998-03-23;75630914914,0
1998-03-24;75694911074,0
1998-03-25;75760654980,0
1998-03-26;75779294475,0
1998-03-27;75932926726,0
1998-03-28;75932926726,0
1998-03-29;75932926726,0
1998-03-30;76390155219,0
1998-03-31;76157565367,0
1998-04-01;76197336943,0
1998-04-02;76255307591,0
1998-04-03;76367018272,0
1998-04-04;76367018272,0
1998-04-05;76367018272,0
1998-04-06;76468697606,0
1998-04-07;76493924865,0
1998-04-08;76451631615,0
1998-04-09;76441298838,0
1998-04-10;76441298838,0
1998-04-11;76441298838,0
1998-04-12;76441298838,0
1998-04-13;76573762583,0
1998-04-14;76557539434,0
1998-04-15;76452729545,0
1998-04-16;76429055881,0
1998-04-17;76316280992,0
1998-04-18;76316280992,0
1998-04-19;76316280992,0
1998-04-20;76165736308,0
1998-04-21;76035193111,0
1998-04-22;75988893667,0
1998-04-23;75880673895,0
1998-04-24;75778388965,0
1998-04-25;75778388965,0
1998-04-26;75778388965,0
1998-04-27;75700353422,0
1998-04-28;75611529277,0
1998-04-29;75559782695,0
1998-04-30;75924584187,0
1998-05-01;75924584187,0
1998-05-02;75924584187,0
1998-05-03;75924584187,0
1998-05-04;75975955150,0
1998-05-05;75966570422,0
1998-05-06;75979835466,0
1998-05-07;76022466486,0
1998-05-08;76029923840,0
1998-05-09;76029923840,0
1998-05-10;76029923840,0
1998-05-11;76081228582,0
1998-05-12;76094602691,0
1998-05-13;76099164750,0
1998-05-14;76007933301,0
1998-05-15;76023265383,0
1998-05-16;76023265383,0
1998-05-17;76023265383,0
1998-05-18;76030964719,0
1998-05-19;75900542473,0
1998-05-20;75808066216,0
1998-05-21;75808066216,0
1998-05-22;75744234394,0
1998-05-23;75744234394,0
1998-05-24;75744234394,0
1998-05-25;75753135232,0
1998-05-26;75885089939,0
1998-05-27;75986283109,0
1998-05-28;75903457961,0
1998-05-29;77042011024,0
1998-05-30;77042011024,0
1998-05-31;77042011024,0
1998-06-01;76946474290,0
1998-06-02;76898401940,0
1998-06-03;76856479035,0
1998-06-04;76832107176,0
1998-06-05;76839339315,0
1998-06-06;76839339315,0
1998-06-07;76839339315,0
1998-06-08;76907814455,0
1998-06-09;76870577771,0
1998-06-10;76868018333,0
1998-06-11;76868018333,0
1998-06-12;76910280058,0
1998-06-13;76910280058,0
1998-06-14;76910280058,0
1998-06-15;76846596207,0
1998-06-16;76785227923,0
1998-06-17;76574495113,0
1998-06-18;76512227068,0
1998-06-19;76126918137,0
1998-06-20;76126918137,0
1998-06-21;76126918137,0
1998-06-22;76209999754,0
1998-06-23;76138694706,0
1998-06-24;76003366680,0
1998-06-25;75912890701,0
1998-06-26;75542274659,0
1998-06-27;75542274659,0
1998-06-28;75542274659,0
1998-06-29;75542274659,0
1998-06-30;79484673490,0
1998-07-01;79586298033,0
1998-07-02;79627141823,0
1998-07-03;79568823334,0
1998-07-04;79568823334,0
1998-07-05;79568823334,0
1998-07-06;79385771854,0
1998-07-07;79384302361,0
1998-07-08;79350865906,0
1998-07-09;79532605013,0
1998-07-10;79727683481,0
1998-07-11;79727683481,0
1998-07-12;79727683481,0
1998-07-13;79716195066,0
1998-07-14;79731856009,0
1998-07-15;79725765624,0
1998-07-16;79830290849,0
1998-07-17;79939938408,0
1998-07-18;79939938408,0
1998-07-19;79939938408,0
1998-07-20;80053470693,0
1998-07-21;80126529848,0
1998-07-22;80378770205,0
1998-07-23;80508621043,0
1998-07-24;80568948826,0
1998-07-25;80568948826,0
1998-07-26;80568948826,0
1998-07-27;80777134730,0
1998-07-28;80798055993,0
1998-07-29;80932730137,0
1998-07-30;83052013116,0
1998-07-31;82912737090,0
1998-08-01;82912737090,0
1998-08-02;82912737090,0
1998-08-03;82875674789,0
1998-08-04;82822632820,0
1998-08-05;82709908662,0
1998-08-06;82633485167,0
1998-08-07;82561146010,0
1998-08-08;82561146010,0
1998-08-09;82561146010,0
1998-08-10;82440190580,0
1998-08-11;82407064793,0
1998-08-12;82213611442,0
1998-08-13;82050625232,0
1998-08-14;81763273318,0
1998-08-15;81763273318,0
1998-08-16;81763273318,0
1998-08-17;81724466396,0
1998-08-18;81520647409,0
1998-08-19;81346739769,0
1998-08-20;81007431791,0
1998-08-21;80857901808,0
1998-08-22;80857901808,0
1998-08-23;80857901808,0
1998-08-24;80589715178,0
1998-08-25;80372422020,0
1998-08-26;80158916305,0
1998-08-27;79977903998,0
1998-08-28;79474599548,0
1998-08-29;79474599548,0
1998-08-30;79474599548,0
1998-08-31;80193226555,0
1998-09-01;79731907123,0
1998-09-02;79349871258,0
1998-09-03;79030337886,0
1998-09-04;78782240380,0
1998-09-05;78782240380,0
1998-09-06;78782240380,0
1998-09-07;78428383100,0
1998-09-08;77990684388,0
1998-09-09;77426070908,0
1998-09-10;76762408076,0
1998-09-11;76762408076,0
1998-09-12;76762408076,0
1998-09-13;76762408076,0
1998-09-14;76138123182,0
1998-09-15;75794884486,0
1998-09-16;75136361871,0
1998-09-17;75336703809,0
1998-09-18;75336703809,0
1998-09-19;75336703809,0
1998-09-20;75336703809,0
1998-09-21;75535460600,0
1998-09-22;75564507685,0
1998-09-23;75754006087,0
1998-09-24;76198751038,0
1998-09-25;76357215440,0
1998-09-26;76357215440,0
1998-09-27;76357215440,0
1998-09-28;77057807899,0
1998-09-29;77005449976,0
1998-09-30;77319873336,0
