Fecha;A;B;C;D
1998-08-01;;;7855,18;
1998-08-02;;;7855,18;
1998-08-03;;;7853,0;
1998-08-04;;;7847,74;
1998-08-05;;;7839,89;
1998-08-06;;;7830,13;
1998-08-07;;;7820,17;
1998-08-08;;;7820,17;
1998-08-09;;;7820,17;
1998-08-10;;;7815,47;
1998-08-11;;;7813,09;
1998-08-12;;;7792,58;
1998-08-13;;;7773,02;
1998-08-14;;;7751,54;
1998-08-15;;;7751,54;
1998-08-16;;;7751,54;
1998-08-17;;;7740,17;
1998-08-18;;;7720,06;
1998-08-19;;;7706,08;
1998-08-20;;;7684,09;
1998-08-21;;;7663,6;
1998-08-22;;;7663,6;
1998-08-23;;;7663,6;
1998-08-24;;;7634,71;
1998-08-25;;;7612,67;
1998-08-26;;;7597,14;
1998-08-27;;;7578,51;
1998-08-28;;;7534,24;
1998-08-29;;;7534,24;
1998-08-30;;;7534,24;
1998-08-31;;;7491,81;
1998-09-01;;;7447,14;
1998-09-02;;;7405,88;
1998-09-03;;;7371,47;
1998-09-04;;;7352,83;
1998-09-05;;;7352,83;
1998-09-06;;;7352,83;
1998-09-07;;;7305,56;
1998-09-08;;;7277,71;
1998-09-09;;;7226,44;
1998-09-10;;;7183,46;
1998-09-11;;;7183,46;
1998-09-12;;;7183,46;
1998-09-13;;;7183,46;
1998-09-14;;;7118,4;
1998-09-15;;;7074,79;
1998-09-16;;;7006,57;
1998-09-17;;;7038,81;
1998-09-18;;;7038,81;
1998-09-19;;;7038,81;
1998-09-20;;;7038,81;
1998-09-21;;;7064,43;
1998-09-22;;;7060,33;
1998-09-23;;;7060,13;
1998-09-24;;;7091,36;
1998-09-25;;;7075,47;
1998-09-26;;;7075,47;
1998-09-27;;;7075,47;
1998-09-28;;;7153,66;
1998-09-29;;;7146,35;
1998-09-30;;;7173,53;
1998-10-01;;;7177,39;
1998-10-02;;;7257,82;
1998-10-03;;;7257,82;
1998-10-04;;;7257,82;
1998-10-05;;;7261,23;
1998-10-06;;;7282,47;
1998-10-07;;;7311,22;
1998-10-08;;;7329,82;
1998-10-09;;;7331,38;
1998-10-10;;;7331,38;
1998-10-11;;;7331,38;
1998-10-12;;;7331,38;
1998-10-13;;;7396,64;
1998-10-14;;;7425,18;
1998-10-15;;;7448,04;
1998-10-16;;;7457,47;
1998-10-17;;;7457,47;
1998-10-18;;;7457,47;
1998-10-19;;;7488,75;
1998-10-20;;;7512,36;
1998-10-21;;;7514,99;
1998-10-22;;;7529,25;
1998-10-23;;;7523,41;
1998-10-24;;;7523,41;
1998-10-25;;;7523,41;
1998-10-26;;;7531,57;
1998-10-27;;;7552,91;
1998-10-28;;;7556,53;
1998-10-29;;;7571,64;
1998-10-30;;;7590,91;
1998-10-31;;;7590,91;
1998-11-01;;;7590,91;
1998-11-02;;;7617,4;
1998-11-03;;;7635,72;
1998-11-04;;;7664,49;
1998-11-05;;;7722,38;
1998-11-06;;;7738,56;
1998-11-07;;;7738,56;
1998-11-08;;;7738,56;
1998-11-09;;;7775,27;
1998-11-10;;;7794,69;
1998-11-11;;;7820,7;
1998-11-12;;;7859,19;
1998-11-13;;;7880,4;
1998-11-14;;;7880,4;
1998-11-15;;;7880,4;
1998-11-16;;;7897,51;
1998-11-17;;;7914,54;
1998-11-18;;;7910,05;
1998-11-19;;;7923,13;
1998-11-20;;;7930,97;
1998-11-21;;;7930,97;
1998-11-22;;;7930,97;
1998-11-23;;;7943,28;
1998-11-24;;;7957,2;
1998-11-25;;;7974,2;
1998-11-26;;;7991,13;
1998-11-27;;;7988,33;
1998-11-28;;;7988,33;
1998-11-29;;;7988,33;
1998-11-30;;;8013,38;
1998-12-01;;;8022,49;
1998-12-02;;;8034,68;
1998-12-03;;;8027,62;
1998-12-04;;;8023,76;
1998-12-05;;;8023,76;
1998-12-06;;;8023,76;
1998-12-07;;;8021,12;
1998-12-08;;;8021,12;
1998-12-09;;;8009,15;
1998-12-10;;;8008,23;
1998-12-11;;;8007,05;
1998-12-12;;;8007,05;
1998-12-13;;;8007,05;
1998-12-14;;;7997,68;
1998-12-15;;;7973,83;
1998-12-16;;;7950,38;
1998-12-17;;;7933,96;
1998-12-18;;;7920,06;
1998-12-19;;;7920,06;
1998-12-20;;;7920,06;
1998-12-21;;;7923,54;
1998-12-22;;;7941,47;
1998-12-23;;;7952,9;
1998-12-24;;;7993,85;
1998-12-25;;;7993,85;
1998-12-26;;;7993,85;
1998-12-27;;;7993,85;
1998-12-28;;;7996,25;
1998-12-29;;;8003,62;
1998-12-30;;;8010,99;
1998-12-31;;;8011,75;
1999-01-01;;;8011,75;
1999-01-02;;;8011,75;
1999-01-03;;;8011,75;
1999-01-04;;;8016,23;
1999-01-05;;;8035,93;
1999-01-06;;;8053,0;
1999-01-07;;;8072,32;
1999-01-08;;;8085,79;
1999-01-09;;;8085,79;
1999-01-10;;;8085,79;
1999-01-11;;;8104,58;
1999-01-12;;;8101,68;
1999-01-13;;;8108,43;
1999-01-14;;;8084,73;
1999-01-15;;;8059,91;
1999-01-16;;;8059,91;
1999-01-17;;;8059,91;
1999-01-18;;;8053,78;
1999-01-19;;;8050,86;
1999-01-20;;;8060,44;
1999-01-21;;;8063,81;
1999-01-22;;;8068,07;
1999-01-23;;;8068,07;
1999-01-24;;;8068,07;
1999-01-25;;;8074,0;
1999-01-26;;;8083,64;
1999-01-27;;;8121,94;
1999-01-28;;;8167,71;
1999-01-29;;;8187,32;
1999-01-30;;;8187,32;
1999-01-31;;;8187,32;
1999-02-01;;;8222,58;
1999-02-02;;;8239,63;
1999-02-03;;;8257,67;
1999-02-04;;;8266,74;
1999-02-05;;;8281,35;
1999-02-06;;;8281,35;
1999-02-07;;;8281,35;
1999-02-08;;;8290,58;
1999-02-09;;;8296,7;
1999-02-10;;;8300,99;
1999-02-11;;;8308,9;
1999-02-12;;;8319,98;
1999-02-13;;;8319,98;
1999-02-14;;;8319,98;
1999-02-15;;;8340,82;
1999-02-16;;;8349,82;
1999-02-17;;;8352,52;
1999-02-18;;;8354,17;
1999-02-19;;;8361,23;
1999-02-20;;;8361,23;
1999-02-21;;;8361,23;
1999-02-22;;;8374,01;
1999-02-23;;;8382,37;
1999-02-24;;;8390,89;
1999-02-25;;;8398,13;
1999-02-26;;;8405,81;
1999-02-27;;;8405,81;
1999-02-28;;;8405,81;
1999-03-01;;;8421,17;
1999-03-02;;;8418,26;
1999-03-03;;;8411,95;
1999-03-04;;;8413,11;
1999-03-05;;;8420,44;
1999-03-06;;;8420,44;
1999-03-07;;;8420,44;
1999-03-08;;;8436,17;
1999-03-09;;;8445,14;
1999-03-10;;;8451,9;
1999-03-11;;;8468,93;
1999-03-12;;;8477,44;
1999-03-13;;;8477,44;
1999-03-14;;;8477,44;
1999-03-15;;;8487,5;
1999-03-16;;;8503,63;
1999-03-17;;;8503,17;
1999-03-18;;;8517,36;
1999-03-19;;;8521,78;
1999-03-20;;;8521,78;
1999-03-21;;;8521,78;
1999-03-22;;;8529,3;
1999-03-23;;;8532,4;
1999-03-24;;;8536,12;
1999-03-25;;;8529,92;
1999-03-26;;;8527,13;
1999-03-27;;;8527,13;
1999-03-28;;;8527,13;
1999-03-29;;;8527,06;
1999-03-30;;;8521,6;
1999-03-31;;;8527,48;
1999-04-01;;;8532,25;
1999-04-02;;;8532,25;
1999-04-03;;;8532,25;
1999-04-04;;;8532,25;
1999-04-05;;;8554,91;
1999-04-06;;;8550,12;
1999-04-07;;;8553,76;
1999-04-08;;;8581,63;
1999-04-09;;;8632,15;
1999-04-10;;;8632,15;
1999-04-11;;;8632,15;
1999-04-12;;;8656,3;
1999-04-13;;;8671,4;
1999-04-14;;;8677,09;
1999-04-15;;;8685,39;
1999-04-16;;;8684,3;
1999-04-17;;;8684,3;
1999-04-18;;;8684,3;
1999-04-19;;;8704,3;
1999-04-20;;;8717,23;
1999-04-21;;;8730,21;
1999-04-22;;;8740,07;
1999-04-23;;;8760,2;
1999-04-24;;;8760,2;
1999-04-25;;;8760,2;
1999-04-26;;;8788,9;
1999-04-27;;;8801,39;
1999-04-28;;;8810,57;
1999-04-29;;;8813,58;
1999-04-30;;;8820,55;
1999-05-01;;;8820,55;
1999-05-02;;;8820,55;
1999-05-03;;;8795,44;
1999-05-04;;;8802,81;
1999-05-05;;;8807,08;
1999-05-06;;;8789,99;
1999-05-07;;;8796,88;
1999-05-08;;;8796,88;
1999-05-09;;;8796,88;
1999-05-10;;;8814,39;
1999-05-11;;;8816,93;
1999-05-12;;;8790,05;
1999-05-13;;;8907,94;
1999-05-14;;;8924,78;
1999-05-15;;;8924,78;
1999-05-16;;;8924,78;
1999-05-17;;;8949,42;
1999-05-18;;;8951,03;
1999-05-19;;;8956,19;
1999-05-20;;;8960,16;
1999-05-21;;;8960,16;
1999-05-22;;;8960,16;
1999-05-23;;;8960,16;
1999-05-24;;;8973,69;
1999-05-25;;;8977,28;
1999-05-26;;;8978,51;
1999-05-27;;;8968,5;
1999-05-28;;;8954,69;
1999-05-29;;;8954,69;
1999-05-30;;;8954,69;
1999-05-31;;;8958,34;
1999-06-01;;;8946,0;
1999-06-02;;;8944,89;
1999-06-03;;;8944,89;
1999-06-04;;;8952,77;
1999-06-05;;;8952,77;
1999-06-06;;;8952,77;
1999-06-07;;;8964,85;
1999-06-08;;;8967,23;
1999-06-09;;;8984,05;
1999-06-10;;;9000,17;
1999-06-11;;;9012,33;
1999-06-12;;;9012,33;
1999-06-13;;;9012,33;
1999-06-14;;;9032,22;
1999-06-15;;;9032,95;
1999-06-16;;;9038,64;
1999-06-17;;;9066,66;
1999-06-18;;;9091,81;
1999-06-19;;;9091,81;
1999-06-20;;;9091,81;
1999-06-21;;;9124,55;
1999-06-22;;;9148,3;
1999-06-23;;;9164,04;
1999-06-24;;;9155,06;
1999-06-25;;;9162,34;
1999-06-26;;;9162,34;
1999-06-27;;;9162,34;
1999-06-28;;;9160,71;
1999-06-29;;;9160,71;
1999-06-30;;;9159,04;
1999-07-01;;;9165,65;
1999-07-02;;;9174,27;
1999-07-03;;;9174,27;
1999-07-04;;;9174,27;
1999-07-05;;;9198,68;
1999-07-06;;;9184,31;
1999-07-07;;;9187,55;
1999-07-08;;;9206,36;
1999-07-09;;;9217,82;
1999-07-10;;;9217,82;
1999-07-11;;;9217,82;
1999-07-12;;;9236,67;
1999-07-13;;;9247,3;
1999-07-14;;;9246,68;
1999-07-15;;;9238,25;
1999-07-16;;;9246,99;
1999-07-17;;;9246,99;
1999-07-18;;;9246,99;
1999-07-19;;;9254,32;
1999-07-20;;;9257,85;
1999-07-21;;;9256,89;
1999-07-22;;;9266,5;
1999-07-23;;;9257,44;
1999-07-24;;;9257,44;
1999-07-25;;;9257,44;
1999-07-26;;;9254,68;
1999-07-27;;;9237,18;
1999-07-28;;;9224,0;
1999-07-29;;;9221,31;
1999-07-30;;;9221,41;
1999-07-31;;;9221,41;
1999-08-01;;;9221,41;
1999-08-02;;;9209,42;
1999-08-03;;;9204,03;
1999-08-04;;;9200,26;
1999-08-05;;;9202,21;
1999-08-06;;;9193,73;
1999-08-07;;;9193,73;
1999-08-08;;;9193,73;
1999-08-09;;;9179,9;
1999-08-10;;;9179,53;
1999-08-11;;;9174,14;
1999-08-12;;;9174,57;
1999-08-13;;;9167,99;
1999-08-14;;;9167,99;
1999-08-15;;;9167,99;
1999-08-16;;;9180,81;
1999-08-17;;;9180,86;
1999-08-18;;;9188,6;
1999-08-19;;;9182,37;
1999-08-20;;;9191,91;
1999-08-21;;;9191,91;
1999-08-22;;;9191,91;
1999-08-23;;;9187,39;
1999-08-24;;;9185,25;
1999-08-25;;;9195,63;
1999-08-26;;;9188,69;
1999-08-27;;;9200,92;
1999-08-28;;;9200,92;
1999-08-29;;;9200,92;
1999-08-30;;;9211,48;
1999-08-31;;;9216,93;
1999-09-01;;;9218,43;
1999-09-02;;;9224,48;
1999-09-03;;;9242,06;
1999-09-04;;;9242,06;
1999-09-05;;;9242,06;
1999-09-06;;;9242,06;
1999-09-07;;;9262,1;
1999-09-08;;;9278,58;
1999-09-09;;;9282,03;
1999-09-10;;;9303,13;
1999-09-11;;;9303,13;
1999-09-12;;;9303,13;
1999-09-13;;;9335,19;
1999-09-14;;;9338,82;
1999-09-15;;;9329,62;
1999-09-16;;;9335,81;
1999-09-17;;;9333,45;
1999-09-18;;;9333,45;
1999-09-19;;;9333,45;
1999-09-20;;;9320,72;
1999-09-21;;;9323,7;
1999-09-22;;;9316,77;
1999-09-23;;;9315,72;
1999-09-24;;;9311,41;
1999-09-25;;;9311,41;
1999-09-26;;;9311,41;
1999-09-27;;;9305,62;
1999-09-28;;;9292,42;
1999-09-29;;;9279,63;
1999-09-30;;;9287,55;
1999-10-01;;;9289,17;
1999-10-02;;;9289,17;
1999-10-03;;;9289,17;
1999-10-04;;;9287,02;
1999-10-05;;;9289,74;
1999-10-06;;;9283,01;
1999-10-07;;;9287,2;
1999-10-08;;;9290,78;
1999-10-09;;;9290,78;
1999-10-10;;;9290,78;
1999-10-11;;;9292,67;
1999-10-12;;;9292,67;
1999-10-13;;;9296,86;
1999-10-14;;;9295,62;
1999-10-15;;;9277,18;
1999-10-16;;;9277,18;
1999-10-17;;;9277,18;
1999-10-18;;;9275,87;
1999-10-19;;;9268,26;
1999-10-20;;;9257,55;
1999-10-21;;;9227,2;
1999-10-22;;;9227,61;
1999-10-23;;;9227,61;
1999-10-24;;;9227,61;
1999-10-25;;;9231,73;
1999-10-26;;;9238,19;
1999-10-27;;;9242,41;
1999-10-28;;;9240,35;
1999-10-29;;;9236,43;
1999-10-30;;;9236,43;
1999-10-31;;;9236,43;
1999-11-01;;;9236,43;
1999-11-02;;;9251,49;
1999-11-03;;;9270,32;
1999-11-04;;;9284,76;
1999-11-05;;;9289,38;
1999-11-06;;;9289,38;
1999-11-07;;;9289,38;
1999-11-08;;;9311,62;
1999-11-09;;;9314,17;
1999-11-10;;;9312,09;
1999-11-11;;;9313,96;
1999-11-12;;;9346,67;
1999-11-13;;;9346,67;
1999-11-14;;;9346,67;
1999-11-15;;;9359,46;
1999-11-16;;;9368,82;
1999-11-17;;;9387,13;
1999-11-18;;;9402,87;
1999-11-19;;;9404,89;
1999-11-20;;;9404,89;
1999-11-21;;;9404,89;
1999-11-22;;;9420,2;
1999-11-23;;;9434,36;
1999-11-24;;;9437,4;
1999-11-25;;;9443,95;
1999-11-26;;;9453,77;
1999-11-27;;;9453,77;
1999-11-28;;;9453,77;
1999-11-29;;;9473,75;
1999-11-30;;;9475,79;
1999-12-01;;;9486,87;
1999-12-02;;;9485,38;
1999-12-03;;;9485,17;
1999-12-04;;;9485,17;
1999-12-05;;;9485,17;
1999-12-06;;;9483,08;
1999-12-07;;;9498,12;
1999-12-08;;;9498,12;
1999-12-09;;;9518,48;
1999-12-10;;;9523,4;
1999-12-11;;;9523,4;
1999-12-12;;;9523,4;
1999-12-13;;;9544,44;
1999-12-14;;;9538,17;
1999-12-15;;;9538,6;
1999-12-16;;;9546,03;
1999-12-17;;;9540,34;
1999-12-18;;;9540,34;
1999-12-19;;;9540,34;
1999-12-20;;;9545,68;
1999-12-21;;;9550,17;
1999-12-22;;;9559,3;
1999-12-23;;;9564,23;
1999-12-24;;;9564,19;
1999-12-25;;;9564,19;
1999-12-26;;;9564,19;
1999-12-27;;;9579,2;
1999-12-28;;;9572,12;
1999-12-29;;;9583,06;
1999-12-30;;;9593,08;
1999-12-31;;;9593,08;
2000-01-01;;;9593,08;
2000-01-02;;;9593,08;
2000-01-03;;;9619,47;
2000-01-04;;;9639,89;
2000-01-05;;;9658,04;
2000-01-06;;;9662,97;
2000-01-07;;;9628,73;
2000-01-08;;;9628,73;
2000-01-09;;;9628,73;
2000-01-10;;;9612,7;
2000-01-11;;;9607,78;
2000-01-12;;;9621,55;
2000-01-13;;;9649,6;
2000-01-14;;;9644,92;
2000-01-15;;;9644,92;
2000-01-16;;;9644,92;
2000-01-17;;;9690,45;
2000-01-18;;;9703,26;
2000-01-19;;;9722,28;
2000-01-20;;;9744,35;
2000-01-21;;;9748,31;
2000-01-22;;;9748,31;
2000-01-23;;;9748,31;
2000-01-24;;;9762,94;
2000-01-25;;;9762,29;
2000-01-26;;;9769,43;
2000-01-27;;;9773,52;
2000-01-28;;;9785,58;
2000-01-29;;;9785,58;
2000-01-30;;;9785,58;
2000-01-31;;;9797,57;
2000-02-01;;;9801,62;
2000-02-02;;;9777,0;
2000-02-03;;;9762,41;
2000-02-04;;;9764,58;
2000-02-05;;;9764,58;
2000-02-06;;;9764,58;
2000-02-07;;;9780,83;
2000-02-08;;;9788,99;
2000-02-09;;;9823,36;
2000-02-10;;;9842,58;
2000-02-11;;;9869,75;
2000-02-12;;;9869,75;
2000-02-13;;;9869,75;
2000-02-14;;;9881,21;
2000-02-15;;;9889,59;
2000-02-16;;;9895,71;
2000-02-17;;;9885,3;
2000-02-18;;;9873,73;
2000-02-19;;;9873,73;
2000-02-20;;;9873,73;
2000-02-21;;;9879,27;
2000-02-22;;;9873,0;
2000-02-23;;;9851,14;
2000-02-24;;;9816,37;
2000-02-25;;;9795,69;
2000-02-26;;;9795,69;
2000-02-27;;;9795,69;
2000-02-28;;;9800,58;
2000-02-29;;;9796,72;
2000-03-01;;;9773,42;
2000-03-02;;;9779,07;
2000-03-03;;;9781,27;
2000-03-04;;;9781,27;
2000-03-05;;;9781,27;
2000-03-06;;;9800,73;
2000-03-07;;;9812,93;
2000-03-08;;;9827,16;
2000-03-09;;;9827,41;
2000-03-10;;;9834,48;
2000-03-11;;;9834,48;
2000-03-12;;;9834,48;
2000-03-13;;;9855,8;
2000-03-14;;;9861,82;
2000-03-15;;;9831,24;
2000-03-16;;;9835,01;
2000-03-17;;;9830,59;
2000-03-18;;;9830,59;
2000-03-19;;;9830,59;
2000-03-20;;;9844,2;
2000-03-21;;;9855,76;
2000-03-22;;;9859,02;
2000-03-23;;;9857,75;
2000-03-24;;;9857,85;
2000-03-25;;;9857,85;
2000-03-26;;;9857,85;
2000-03-27;;;9862,13;
2000-03-28;;;9867,65;
2000-03-29;;;9881,12;
2000-03-30;;;9878,77;
2000-03-31;;;9908,44;
2000-04-01;;;9908,44;
2000-04-02;;;9908,44;
2000-04-03;;;9901,34;
2000-04-04;;;9899,19;
2000-04-05;;;9889,95;
2000-04-06;;;9877,98;
2000-04-07;;;9863,73;
2000-04-08;;;9863,73;
2000-04-09;;;9863,73;
2000-04-10;;;9879,98;
2000-04-11;;;9898,11;
2000-04-12;;;9907,04;
2000-04-13;;;9885,41;
2000-04-14;;;9869,48;
2000-04-15;;;9869,48;
2000-04-16;;;9869,48;
2000-04-17;;;9868,33;
2000-04-18;;;9854,08;
2000-04-19;;;9799,34;
2000-04-20;;;9790,2;
2000-04-21;;;9790,2;
2000-04-22;;;9790,2;
2000-04-23;;;9790,2;
2000-04-24;;;9811,45;
2000-04-25;;;9817,88;
2000-04-26;;;9802,17;
2000-04-27;;;9809,33;
2000-04-28;;;9811,36;
2000-04-29;;;9811,36;
2000-04-30;;;9811,36;
2000-05-01;;;9811,36;
2000-05-02;;;9827,61;
2000-05-03;;;9831,3;
2000-05-04;;;9837,14;
2000-05-05;;;9840,49;
2000-05-06;;;9840,49;
2000-05-07;;;9840,49;
2000-05-08;;;9854,3;
2000-05-09;;;9858,62;
2000-05-10;;;9851,28;
2000-05-11;;;9845,13;
2000-05-12;;;9824,64;
2000-05-13;;;9824,64;
2000-05-14;;;9824,64;
2000-05-15;;;9822,17;
2000-05-16;;;9850,26;
2000-05-17;;;9860,8;
2000-05-18;;;9882,35;
2000-05-19;;;9890,45;
2000-05-20;;;9890,45;
2000-05-21;;;9890,45;
2000-05-22;;;9901,25;
2000-05-23;;;9897,93;
2000-05-24;;;9875,38;
2000-05-25;;;9881,33;
2000-05-26;;;9878,8;
2000-05-27;;;9878,8;
2000-05-28;;;9878,8;
2000-05-29;;;9902,63;
2000-05-30;;;9893,28;
2000-05-31;;;9885,59;
2000-06-01;;;9895,5;
2000-06-02;;;9903,92;
2000-06-03;;;9903,92;
2000-06-04;;;9903,92;
2000-06-05;;;9913,57;
2000-06-06;;;9942,16;
2000-06-07;;;9974,77;
2000-06-08;;;9987,17;
2000-06-09;;;9991,97;
2000-06-10;;;9991,97;
2000-06-11;;;9991,97;
2000-06-12;;;10007,1;
2000-06-13;;;10006,77;
2000-06-14;;;10014,84;
2000-06-15;;;10011,02;
2000-06-16;;;10015,29;
2000-06-17;;;10015,29;
2000-06-18;;;10015,29;
2000-06-19;;;10015,29;
2000-06-20;;;10028,82;
2000-06-21;;;10017,81;
2000-06-22;;;10029,13;
2000-06-23;;;10044,8;
2000-06-24;;;10044,8;
2000-06-25;;;10044,8;
2000-06-26;;;10044,8;
2000-06-27;;;10051,49;
2000-06-28;;;10044,48;
2000-06-29;;;10043,59;
2000-06-30;;;10062,5;
2000-07-01;;;10062,5;
2000-07-02;;;10062,5;
2000-07-03;;;10066,82;
2000-07-04;;;10066,72;
2000-07-05;;;10062,95;
2000-07-06;;;10083,08;
2000-07-07;;;10098,27;
2000-07-08;;;10098,27;
2000-07-09;;;10098,27;
2000-07-10;;;10091,49;
2000-07-11;;;10100,31;
2000-07-12;;;10110,53;
2000-07-13;;;10118,13;
2000-07-14;;;10136,89;
2000-07-15;;;10136,89;
2000-07-16;;;10136,89;
2000-07-17;;;10156,56;
2000-07-18;;;10159,05;
2000-07-19;;;10169,71;
2000-07-20;;;10174,7;
2000-07-21;;;10165,45;
2000-07-22;;;10165,45;
2000-07-23;;;10165,45;
2000-07-24;;;10174,78;
2000-07-25;;;10173,82;
2000-07-26;;;10175,2;
2000-07-27;;;10184,04;
2000-07-28;;;10185,46;
2000-07-29;;;10185,46;
2000-07-30;;;10185,46;
2000-07-31;;;10180,52;
2000-08-01;;;10169,13;
2000-08-02;;;10149,34;
2000-08-03;;;10140,32;
2000-08-04;;;10142,74;
2000-08-05;;;10142,74;
2000-08-06;;;10142,74;
2000-08-07;;;10157,56;
2000-08-08;;;10164,66;
2000-08-09;;;10163,25;
2000-08-10;;;10163,14;
2000-08-11;;;10177,48;
2000-08-12;;;10177,48;
2000-08-13;;;10177,48;
2000-08-14;;;10180,89;
2000-08-15;;;10180,89;
2000-08-16;;;10171,27;
2000-08-17;;;10190,15;
2000-08-18;;;10206,58;
2000-08-19;;;10206,58;
2000-08-20;;;10206,58;
2000-08-21;;;10220,78;
2000-08-22;;;10223,95;
2000-08-23;;;10208,94;
2000-08-24;;;10211,64;
2000-08-25;;;10215,46;
2000-08-26;;;10215,46;
2000-08-27;;;10215,46;
2000-08-28;;;10223,43;
2000-08-29;;;10216,6;
2000-08-30;;;10270,83;
2000-08-31;;;10284,39;
2000-09-01;;;10284,02;
2000-09-02;;;10284,02;
2000-09-03;;;10284,02;
2000-09-04;;;10284,02;
2000-09-05;;;10286,86;
2000-09-06;;;10311,23;
2000-09-07;;;10308,77;
2000-09-08;;;10310,38;
2000-09-09;;;10310,38;
2000-09-10;;;10310,38;
2000-09-11;;;10298,54;
2000-09-12;;;10283,63;
2000-09-13;;;10276,16;
2000-09-14;;;10272,96;
2000-09-15;;;10265,44;
2000-09-16;;;10265,44;
2000-09-17;;;10265,44;
2000-09-18;;;10265,44;
2000-09-19;;;10265,44;
2000-09-20;;;10281,8;
2000-09-21;;;10272,13;
2000-09-22;;;10269,2;
2000-09-23;;;10269,2;
2000-09-24;;;10269,2;
2000-09-25;;;10272,74;
2000-09-26;;;10238,25;
2000-09-27;;;10254,81;
2000-09-28;;;10254,64;
2000-09-29;;;10248,94;
2000-09-30;;;10248,94;
2000-10-01;;;10248,94;
2000-10-02;;;10254,6;
2000-10-03;;;10254,15;
2000-10-04;;;10248,85;
2000-10-05;;;10251,56;
2000-10-06;;;10242,56;
2000-10-07;;;10242,56;
2000-10-08;;;10242,56;
2000-10-09;;;10242,56;
2000-10-10;;;10261,46;
2000-10-11;;;10254,47;
2000-10-12;;;10257,9;
2000-10-13;;;10249,77;
2000-10-14;;;10249,77;
2000-10-15;;;10249,77;
2000-10-16;;;10238,93;
2000-10-17;;;10227,61;
2000-10-18;;;10234,59;
2000-10-19;;;10223,18;
2000-10-20;;;10186,46;
2000-10-21;;;10186,46;
2000-10-22;;;10186,46;
2000-10-23;;;10204,94;
2000-10-24;;;10213,58;
2000-10-25;;;10212,89;
2000-10-26;;;10218,6;
2000-10-27;;;10217,72;
2000-10-28;;;10217,72;
2000-10-29;;;10217,72;
2000-10-30;;;10217,21;
2000-10-31;;;10211,26;
2000-11-01;;;10211,26;
2000-11-02;;;10220,14;
2000-11-03;;;10259,81;
2000-11-04;;;10259,81;
2000-11-05;;;10259,81;
2000-11-06;;;10291,2;
2000-11-07;;;10320,59;
2000-11-08;;;10345,61;
2000-11-09;;;10349,69;
2000-11-10;;;10369,68;
2000-11-11;;;10369,68;
2000-11-12;;;10369,68;
2000-11-13;;;10365,81;
2000-11-14;;;10355,71;
2000-11-15;;;10337,48;
2000-11-16;;;10346,5;
2000-11-17;;;10357,75;
2000-11-18;;;10357,75;
2000-11-19;;;10357,75;
2000-11-20;;;10376,9;
2000-11-21;;;10370,03;
2000-11-22;;;10359,59;
2000-11-23;;;10361,94;
2000-11-24;;;10359,05;
2000-11-25;;;10359,05;
2000-11-26;;;10359,05;
2000-11-27;;;10361,4;
2000-11-28;;;10371,62;
2000-11-29;;;10382,0;
2000-11-30;;;10376,11;
2000-12-01;;;10366,7;
2000-12-02;;;10366,7;
2000-12-03;;;10366,7;
2000-12-04;;;10366,35;
2000-12-05;;;10357,63;
2000-12-06;;;10354,34;
2000-12-07;;;10374,36;
2000-12-08;;;10374,36;
2000-12-09;;;10374,36;
2000-12-10;;;10374,36;
2000-12-11;;;10402,77;
2000-12-12;;;10396,84;
2000-12-13;;;10411,6;
2000-12-14;;;10412,76;
2000-12-15;;;10422,02;
2000-12-16;;;10422,02;
2000-12-17;;;10422,02;
2000-12-18;;;10417,77;
2000-12-19;;;10413,4;
2000-12-20;;;10414,93;
2000-12-21;;;10423,51;
2000-12-22;;;10422,11;
2000-12-23;;;10422,11;
2000-12-24;;;10422,11;
2000-12-25;;;10422,11;
2000-12-26;;;10424,72;
2000-12-27;;;10418,3;
2000-12-28;;;10432,25;
2000-12-29;;;10435,47;
2000-12-30;;;10435,47;
2000-12-31;;;10435,47;
2001-01-01;;;10435,47;
2001-01-02;;;10461,76;
2001-01-03;;;10475,58;
2001-01-04;;;10481,01;
2001-01-05;;;10482,18;
2001-01-06;;;10482,18;
2001-01-07;;;10482,18;
2001-01-08;;;10520,03;
2001-01-09;;;10523,84;
2001-01-10;;;10538,56;
2001-01-11;;;10538,8;
2001-01-12;;;10546,24;
2001-01-13;;;10546,24;
2001-01-14;;;10546,24;
2001-01-15;;;10547,36;
2001-01-16;;;10547,78;
2001-01-17;;;10536,26;
2001-01-18;;;10543,48;
2001-01-19;;;10580,0;
2001-01-20;;;10580,0;
2001-01-21;;;10580,0;
2001-01-22;;;10593,45;
2001-01-23;;;10596,84;
2001-01-24;;;10601,09;
2001-01-25;;;10620,52;
2001-01-26;;;10644,41;
2001-01-27;;;10644,41;
2001-01-28;;;10644,41;
2001-01-29;;;10654,76;
2001-01-30;;;10650,87;
2001-01-31;;;10654,97;
2001-02-01;;;10665,89;
2001-02-02;;;10690,34;
2001-02-03;;;10690,34;
2001-02-04;;;10690,34;
2001-02-05;;;10707,6;
2001-02-06;;;10710,2;
2001-02-07;;;10702,0;
2001-02-08;;;10699,16;
2001-02-09;;;10684,12;
2001-02-10;;;10684,12;
2001-02-11;;;10684,12;
2001-02-12;;;10691,13;
2001-02-13;;;10691,3;
2001-02-14;;;10696,07;
2001-02-15;;;10704,71;
2001-02-16;;;10699,4;
2001-02-17;;;10699,4;
2001-02-18;;;10699,4;
2001-02-19;;;10697,33;
2001-02-20;;;10691,2;
2001-02-21;;;10678,37;
2001-02-22;;;10678,85;
2001-02-23;;;10691,53;
2001-02-24;;;10691,53;
2001-02-25;;;10691,53;
2001-02-26;;;10697,71;
2001-02-27;;;10675,59;
2001-02-28;;;10681,01;
2001-03-01;;;10706,68;
2001-03-02;;;10716,68;
2001-03-03;;;10716,68;
2001-03-04;;;10716,68;
2001-03-05;;;10734,06;
2001-03-06;;;10776,84;
2001-03-07;;;10777,68;
2001-03-08;;;10782,43;
2001-03-09;;;10790,82;
2001-03-10;;;10790,82;
2001-03-11;;;10790,82;
2001-03-12;;;10804,4;
2001-03-13;;;10805,91;
2001-03-14;;;10776,81;
2001-03-15;;;10765,12;
2001-03-16;;;10742,32;
2001-03-17;;;10742,32;
2001-03-18;;;10742,32;
2001-03-19;;;10744,95;
2001-03-20;;;10716,26;
2001-03-21;;;10710,54;
2001-03-22;;;10703,45;
2001-03-23;;;10702,01;
2001-03-24;;;10702,01;
2001-03-25;;;10702,01;
2001-03-26;;;10687,78;
2001-03-27;;;10678,71;
2001-03-28;;;10688,47;
2001-03-29;;;10698,21;
2001-03-30;;;10692,09;
2001-03-31;;;10692,09;
2001-04-01;;;10692,09;
2001-04-02;;;10686,18;
2001-04-03;;;10690,33;
2001-04-04;;;10701,47;
2001-04-05;;;10682,79;
2001-04-06;;;10674,09;
2001-04-07;;;10674,09;
2001-04-08;;;10674,09;
2001-04-09;;;10691,96;
2001-04-10;;;10694,83;
2001-04-11;;;10688,38;
2001-04-12;;;10703,05;
2001-04-13;;;10703,05;
2001-04-14;;;10703,05;
2001-04-15;;;10703,05;
2001-04-16;;;10735,09;
2001-04-17;;;10747,65;
2001-04-18;;;10734,78;
2001-04-19;;;10735,65;
2001-04-20;;;10749,54;
2001-04-21;;;10749,54;
2001-04-22;;;10749,54;
2001-04-23;;;10797,16;
2001-04-24;;;10781,9;
2001-04-25;;;10772,43;
2001-04-26;;;10771,98;
2001-04-27;;;10784,82;
2001-04-28;;;10784,82;
2001-04-29;;;10784,82;
2001-04-30;;;10805,24;
2001-05-01;;;10805,24;
2001-05-02;;;10813,03;
2001-05-03;;;10843,92;
2001-05-04;;;10866,03;
2001-05-05;;;10866,03;
2001-05-06;;;10866,03;
2001-05-07;;;10881,93;
2001-05-08;;;10881,64;
2001-05-09;;;10897,11;
2001-05-10;;;10907,36;
2001-05-11;;;10914,81;
2001-05-12;;;10914,81;
2001-05-13;;;10914,81;
2001-05-14;;;10932,39;
2001-05-15;;;10942,56;
2001-05-16;;;10939,94;
2001-05-17;;;10951,8;
2001-05-18;;;10966,84;
2001-05-19;;;10966,84;
2001-05-20;;;10966,84;
2001-05-21;;;10966,84;
2001-05-22;;;10982,61;
2001-05-23;;;10998,95;
2001-05-24;;;10999,55;
2001-05-25;;;11007,26;
2001-05-26;;;11007,26;
2001-05-27;;;11007,26;
2001-05-28;;;11003,56;
2001-05-29;;;11004,2;
2001-05-30;;;11007,34;
2001-05-31;;;11014,23;
2001-06-01;;;11005,52;
2001-06-02;;;11005,52;
2001-06-03;;;11005,52;
2001-06-04;;;11034,31;
2001-06-05;;;11031,51;
2001-06-06;;;11038,26;
2001-06-07;;;11051,31;
2001-06-08;;;11070,69;
2001-06-09;;;11070,69;
2001-06-10;;;11070,69;
2001-06-11;;;11070,69;
2001-06-12;;;11087,99;
2001-06-13;;;11085,17;
2001-06-14;;;11100,12;
2001-06-15;;;11107,48;
2001-06-16;;;11107,48;
2001-06-17;;;11107,48;
2001-06-18;;;11116,06;
2001-06-19;;;11123,25;
2001-06-20;;;11111,66;
2001-06-21;;;11115,46;
2001-06-22;;;11110,48;
2001-06-23;;;11110,48;
2001-06-24;;;11110,48;
2001-06-25;;;11129,46;
2001-06-26;;;11142,96;
2001-06-27;;;11132,52;
2001-06-28;;;11129,13;
2001-06-29;;;11112,23;
2001-06-30;;;11112,23;
2001-07-01;;;11112,23;
2001-07-02;;;11112,23;
2001-07-03;;;11133,72;
2001-07-04;;;11145,41;
2001-07-05;;;11163,65;
2001-07-06;;;11181,99;
2001-07-07;;;11181,99;
2001-07-08;;;11181,99;
2001-07-09;;;11193,84;
2001-07-10;;;11171,0;
2001-07-11;;;11188,77;
2001-07-12;;;11214,84;
2001-07-13;;;11225,01;
2001-07-14;;;11225,01;
2001-07-15;;;11225,01;
2001-07-16;;;11225,5;
2001-07-17;;;11226,01;
2001-07-18;;;11212,86;
2001-07-19;;;11194,66;
2001-07-20;;;11203,34;
2001-07-21;;;11203,34;
2001-07-22;;;11203,34;
2001-07-23;;;11196,64;
2001-07-24;;;11181,99;
2001-07-25;;;11182,09;
2001-07-26;;;11190,75;
2001-07-27;;;11184,15;
2001-07-28;;;11184,15;
2001-07-29;;;11184,15;
2001-07-30;;;11207,3;
2001-07-31;;;11184,86;
2001-08-01;;;11192,46;
2001-08-02;;;11216,48;
2001-08-03;;;11221,97;
2001-08-04;;;11221,97;
2001-08-05;;;11221,97;
2001-08-06;;;11211,05;
2001-08-07;;;11220,84;
2001-08-08;;;11228,25;
2001-08-09;;;11224,56;
2001-08-10;;;11221,99;
2001-08-11;;;11221,99;
2001-08-12;;;11221,99;
2001-08-13;;;11214,45;
2001-08-14;;;11240,86;
2001-08-15;;;11240,86;
2001-08-16;;;11276,44;
2001-08-17;;;11265,01;
2001-08-18;;;11265,01;
2001-08-19;;;11265,01;
2001-08-20;;;11227,88;
2001-08-21;;;11212,33;
2001-08-22;;;11209,4;
2001-08-23;;;11175,55;
2001-08-24;;;11186,43;
2001-08-25;;;11186,43;
2001-08-26;;;11186,43;
2001-08-27;;;11203,16;
2001-08-28;;;11190,62;
2001-08-29;;;11208,7;
2001-08-30;;;11212,48;
2001-08-31;;;11225,99;
2001-09-01;;;11225,99;
2001-09-02;;;11225,99;
2001-09-03;;;11225,99;
2001-09-04;;;11205,26;
2001-09-05;;;11210,26;
2001-09-06;;;11224,57;
2001-09-07;;;11217,84;
2001-09-08;;;11217,84;
2001-09-09;;;11217,84;
2001-09-10;;;11227,73;
2001-09-11;;;11222,14;
2001-09-12;;;11267,99;
2001-09-13;;;11219,81;
2001-09-14;;;11222,25;
2001-09-15;;;11222,25;
2001-09-16;;;11222,25;
2001-09-17;;;11255,35;
2001-09-18;;;11255,35;
2001-09-19;;;11255,35;
2001-09-20;;;11243,23;
2001-09-21;;;11217,99;
2001-09-22;;;11217,99;
2001-09-23;;;11217,99;
2001-09-24;;;11186,01;
2001-09-25;;;11158,22;
2001-09-26;;;11151,81;
2001-09-27;;;11164,98;
2001-09-28;;;11180,6;
2001-09-29;;;11180,6;
2001-09-30;;;11180,6;
2001-10-01;;;11200,47;
2001-10-02;;;11201,4;
2001-10-03;;;11191,76;
2001-10-04;;;11198,95;
2001-10-05;;;11203,48;
2001-10-06;;;11203,48;
2001-10-07;;;11203,48;
2001-10-08;;;11260,69;
2001-10-09;;;11254,59;
2001-10-10;;;11233,5;
2001-10-11;;;11233,24;
2001-10-12;;;11237,46;
2001-10-13;;;11237,46;
2001-10-14;;;11237,46;
2001-10-15;;;11237,46;
2001-10-16;;;11279,34;
2001-10-17;;;11296,23;
2001-10-18;;;11277,23;
2001-10-19;;;11326,2;
2001-10-20;;;11326,2;
2001-10-21;;;11326,2;
2001-10-22;;;11323,51;
2001-10-23;;;11302,11;
2001-10-24;;;11312,34;
2001-10-25;;;11355,45;
2001-10-26;;;11397,43;
2001-10-27;;;11397,43;
2001-10-28;;;11397,43;
2001-10-29;;;11423,94;
2001-10-30;;;11422,97;
2001-10-31;;;11436,06;
2001-11-01;;;11436,06;
2001-11-02;;;11411,76;
2001-11-03;;;11411,76;
2001-11-04;;;11411,76;
2001-11-05;;;11430,87;
2001-11-06;;;11439,39;
2001-11-07;;;11433,96;
2001-11-08;;;11442,61;
2001-11-09;;;11429,34;
2001-11-10;;;11429,34;
2001-11-11;;;11429,34;
2001-11-12;;;11445,44;
2001-11-13;;;11467,35;
2001-11-14;;;11431,26;
2001-11-15;;;11415,67;
2001-11-16;;;11426,17;
2001-11-17;;;11426,17;
2001-11-18;;;11426,17;
2001-11-19;;;11429,24;
2001-11-20;;;11427,5;
2001-11-21;;;11441,33;
2001-11-22;;;11456,07;
2001-11-23;;;11422,47;
2001-11-24;;;11422,47;
2001-11-25;;;11422,47;
2001-11-26;;;11439,83;
2001-11-27;;;11425,14;
2001-11-28;;;11430,0;
2001-11-29;;;11455,5;
2001-11-30;;;11458,04;
2001-12-01;;;11458,04;
2001-12-02;;;11458,04;
2001-12-03;;;11493,6;
2001-12-04;;;11463,74;
2001-12-05;;;11435,31;
2001-12-06;;;11452,97;
2001-12-07;;;11477,51;
2001-12-08;;;11477,51;
2001-12-09;;;11477,51;
2001-12-10;;;11455,51;
2001-12-11;;;11444,95;
2001-12-12;;;11451,51;
2001-12-13;;;11473,88;
2001-12-14;;;11482,2;
2001-12-15;;;11482,2;
2001-12-16;;;11482,2;
2001-12-17;;;11464,68;
2001-12-18;;;11454,06;
2001-12-19;;;11439,89;
2001-12-20;;;11458,85;
2001-12-21;;;11489,58;
2001-12-22;;;11489,58;
2001-12-23;;;11489,58;
2001-12-24;;;11487,78;
2001-12-25;;;11487,78;
2001-12-26;;;11457,94;
2001-12-27;;;11463,25;
2001-12-28;;;11467,27;
2001-12-29;;;11467,27;
2001-12-30;;;11467,27;
2001-12-31;;;11471,82;
2002-01-01;;;11471,82;
2002-01-02;;;11479,39;
2002-01-03;;;11510,22;
2002-01-04;;;11490,69;
2002-01-05;;;11490,69;
2002-01-06;;;11490,69;
2002-01-07;;;11501,25;
2002-01-08;;;11535,16;
2002-01-09;;;11564,88;
2002-01-10;;;11582,9;
2002-01-11;;;11604,68;
2002-01-12;;;11604,68;
2002-01-13;;;11604,68;
2002-01-14;;;11620,37;
2002-01-15;;;11576,65;
2002-01-16;;;11538,63;
2002-01-17;;;11572,33;
2002-01-18;;;11535,47;
2002-01-19;;;11535,47;
2002-01-20;;;11535,47;
2002-01-21;;;11538,12;
2002-01-22;;;11534,72;
2002-01-23;;;11528,63;
2002-01-24;;;11536,47;
2002-01-25;;;11559,84;
2002-01-26;;;11559,84;
2002-01-27;;;11559,84;
2002-01-28;;;11554,85;
2002-01-29;;;11561,71;
2002-01-30;;;11578,26;
2002-01-31;;;11573,51;
2002-02-01;;;11572,04;
2002-02-02;;;11572,04;
2002-02-03;;;11572,04;
2002-02-04;;;11582,65;
2002-02-05;;;11621,61;
2002-02-06;;;11611,48;
2002-02-07;;;11609,33;
2002-02-08;;;11621,01;
2002-02-09;;;11621,01;
2002-02-10;;;11621,01;
2002-02-11;;;11604,36;
2002-02-12;;;11602,38;
2002-02-13;;;11595,9;
2002-02-14;;;11582,2;
2002-02-15;;;11597,19;
2002-02-16;;;11597,19;
2002-02-17;;;11597,19;
2002-02-18;;;11607,7;
2002-02-19;;;11599,76;
2002-02-20;;;11603,42;
2002-02-21;;;11589,0;
2002-02-22;;;11600,58;
2002-02-23;;;11600,58;
2002-02-24;;;11600,58;
2002-02-25;;;11607,52;
2002-02-26;;;11600,34;
2002-02-27;;;11603,52;
2002-02-28;;;11622,77;
2002-03-01;;;11628,59;
2002-03-02;;;11628,59;
2002-03-03;;;11628,59;
2002-03-04;;;11618,53;
2002-03-05;;;11610,23;
2002-03-06;;;11638,12;
2002-03-07;;;11673,75;
2002-03-08;;;11700,91;
2002-03-09;;;11700,91;
2002-03-10;;;11700,91;
2002-03-11;;;11694,0;
2002-03-12;;;11705,3;
2002-03-13;;;11712,68;
2002-03-14;;;11714,46;
2002-03-15;;;11713,75;
2002-03-16;;;11713,75;
2002-03-17;;;11713,75;
2002-03-18;;;11725,18;
2002-03-19;;;11737,29;
2002-03-20;;;11761,3;
2002-03-21;;;11776,41;
2002-03-22;;;11795,21;
2002-03-23;;;11795,21;
2002-03-24;;;11795,21;
2002-03-25;;;11816,16;
2002-03-26;;;11825,11;
2002-03-27;;;11805,25;
2002-03-28;;;11812,14;
2002-03-29;;;11812,14;
2002-03-30;;;11812,14;
2002-03-31;;;11812,14;
2002-04-01;;;11781,87;
2002-04-02;;;11793,68;
2002-04-03;;;11790,15;
2002-04-04;;;11811,3;
2002-04-05;;;11844,97;
2002-04-06;;;11844,97;
2002-04-07;;;11844,97;
2002-04-08;;;11786,18;
2002-04-09;;;11783,1;
2002-04-10;;;11778,16;
2002-04-11;;;11766,74;
2002-04-12;;;11773,73;
2002-04-13;;;11773,73;
2002-04-14;;;11773,73;
2002-04-15;;;11776,27;
2002-04-16;;;11781,13;
2002-04-17;;;11779,66;
2002-04-18;;;11794,99;
2002-04-19;;;11823,64;
2002-04-20;;;11823,64;
2002-04-21;;;11823,64;
2002-04-22;;;11815,79;
2002-04-23;;;11860,78;
2002-04-24;;;11860,78;
2002-04-25;;;11836,91;
2002-04-26;;;11833,92;
2002-04-27;;;11833,92;
2002-04-28;;;11833,92;
2002-04-29;;;11825,26;
2002-04-30;;;11808,69;
2002-05-01;;;11808,69;
2002-05-02;;;11797,12;
2002-05-03;;;11814,47;
2002-05-04;;;11814,47;
2002-05-05;;;11814,47;
2002-05-06;;;11843,24;
2002-05-07;;;11846,42;
2002-05-08;;;11836,91;
2002-05-09;;;11824,22;
2002-05-10;;;11853,34;
2002-05-11;;;11853,34;
2002-05-12;;;11853,34;
2002-05-13;;;11875,07;
2002-05-14;;;11851,76;
2002-05-15;;;11856,27;
2002-05-16;;;11865,55;
2002-05-17;;;11859,46;
2002-05-18;;;11859,46;
2002-05-19;;;11859,46;
2002-05-20;;;11864,28;
2002-05-21;;;11864,28;
2002-05-22;;;11864,15;
2002-05-23;;;11869,03;
2002-05-24;;;11856,56;
2002-05-25;;;11856,56;
2002-05-26;;;11856,56;
2002-05-27;;;11856,56;
2002-05-28;;;11859,64;
2002-05-29;;;11842,58;
2002-05-30;;;11847,05;
2002-05-31;;;11847,95;
2002-06-01;;;11847,95;
2002-06-02;;;11847,95;
2002-06-03;;;11866,97;
2002-06-04;;;11863,45;
2002-06-05;;;11864,46;
2002-06-06;;;11839,46;
2002-06-07;;;11850,48;
2002-06-08;;;11850,48;
2002-06-09;;;11850,48;
2002-06-10;;;11837,01;
2002-06-11;;;11828,99;
2002-06-12;;;11847,69;
2002-06-13;;;11837,46;
2002-06-14;;;11840,23;
2002-06-15;;;11840,23;
2002-06-16;;;11840,23;
2002-06-17;;;11843,37;
2002-06-18;;;11799,0;
2002-06-19;;;11817,95;
2002-06-20;;;11853,43;
2002-06-21;;;11859,08;
2002-06-22;;;11859,08;
2002-06-23;;;11859,08;
2002-06-24;;;11870,49;
2002-06-25;;;11893,14;
2002-06-26;;;11841,78;
2002-06-27;;;11868,89;
2002-06-28;;;11835,62;
2002-06-29;;;11835,62;
2002-06-30;;;11835,62;
2002-07-01;;;11815,03;
2002-07-02;;;11847,75;
2002-07-03;;;11894,3;
2002-07-04;;;11830,98;
2002-07-05;;;11795,47;
2002-07-06;;;11795,47;
2002-07-07;;;11795,47;
2002-07-08;;;11811,75;
2002-07-09;;;11859,81;
2002-07-10;;;11874,8;
2002-07-11;;;11873,9;
2002-07-12;;;11875,07;
2002-07-13;;;11875,07;
2002-07-14;;;11875,07;
2002-07-15;;;11819,73;
2002-07-16;;;11840,48;
2002-07-17;;;11836,76;
2002-07-18;;;11815,2;
2002-07-19;;;11824,67;
2002-07-20;;;11824,67;
2002-07-21;;;11824,67;
2002-07-22;;;11813,47;
2002-07-23;;;11771,38;
2002-07-24;;;11780,51;
2002-07-25;;;11762,99;
2002-07-26;;;11764,44;
2002-07-27;;;11764,44;
2002-07-28;;;11764,44;
2002-07-29;;;11757,69;
2002-07-30;;;11728,34;
2002-07-31;;;11787,54;
2002-08-01;10000,0;10000,0;11794,24;10000,0
2002-08-02;10000,0;10000,0;11817,33;10000,0
2002-08-03;10000,0;10000,0;11817,33;10000,0
2002-08-04;10000,0;10000,0;11817,33;10000,0
2002-08-05;10000,0;10000,0;11813,42;10000,0
2002-08-06;10000,0;10000,0;11819,37;10000,0
2002-08-07;10000,0;10000,0;11823,72;10000,0
2002-08-08;10000,0;10000,0;11808,89;10000,0
2002-08-09;10000,0;10000,0;11830,65;10000,0
2002-08-10;10000,0;10000,0;11830,65;10000,0
2002-08-11;10000,0;10000,0;11830,65;10000,0
2002-08-12;10000,0;10000,0;11876,92;10000,0
2002-08-13;10000,0;10000,0;11920,51;10000,0
2002-08-14;10000,0;10000,0;11909,09;10000,0
2002-08-15;10000,0;10000,0;11909,09;10000,0
2002-08-16;10000,0;10000,0;11927,65;10000,0
2002-08-17;10000,0;10000,0;11927,65;10000,0
2002-08-18;10000,0;10000,0;11927,65;10000,0
2002-08-19;10000,0;10000,0;11942,92;10000,0
2002-08-20;10000,0;10000,0;11959,97;10000,0
2002-08-21;10000,0;10000,0;11976,62;10000,0
2002-08-22;10000,0;10000,0;12000,09;10000,0
2002-08-23;10000,0;10000,0;12030,87;10000,0
2002-08-24;10000,0;10000,0;12030,87;10000,0
2002-08-25;10000,0;10000,0;12030,87;10000,0
2002-08-26;10000,0;10000,0;12053,82;10000,0
2002-08-27;10000,0;10000,0;12056,25;10000,0
2002-08-28;10000,0;10000,0;12068,87;10000,0
2002-08-29;10000,0;10000,0;12090,21;10000,0
2002-08-30;10000,0;10000,0;12082,45;10000,0
2002-08-31;10000,0;10000,0;12082,45;10000,0
2002-09-01;10000,0;10000,0;12082,45;10000,0
2002-09-02;10000,0;10000,0;12053,85;10000,0
2002-09-03;10000,0;10000,0;12065,38;10000,0
2002-09-04;10000,0;10000,0;12114,95;10000,0
2002-09-05;10000,0;10000,0;12114,53;10000,0
2002-09-06;10000,0;10000,0;12113,39;10000,0
2002-09-07;10000,0;10000,0;12113,39;10000,0
2002-09-08;10000,0;10000,0;12113,39;10000,0
2002-09-09;10000,0;10000,0;12104,68;10000,0
2002-09-10;10000,0;10000,0;12105,96;10000,0
2002-09-11;10000,0;10000,0;12125,32;10000,0
2002-09-12;10000,0;10000,0;12138,65;10000,0
2002-09-13;10000,0;10000,0;12182,33;10000,0
2002-09-14;10000,0;10000,0;12182,33;10000,0
2002-09-15;10000,0;10000,0;12182,33;10000,0
2002-09-16;10000,0;10000,0;12195,65;10000,0
2002-09-17;10000,0;10000,0;12176,65;10000,0
2002-09-18;10000,0;10000,0;12176,65;10000,0
2002-09-19;10000,0;10000,0;12176,65;10000,0
2002-09-20;10000,0;10000,0;12174,95;10000,0
2002-09-21;10000,0;10000,0;12174,95;10000,0
2002-09-22;10000,0;10000,0;12174,95;10000,0
2002-09-23;10000,0;10000,0;12167,18;10000,0
2002-09-24;10000,0;10000,0;12162,3;10000,0
2002-09-25;10000,0;10000,0;12100,47;10000,0
2002-09-26;10000,0;10000,0;12092,58;10000,0
2002-09-27;10000,0;10000,0;12107,85;10000,0
2002-09-28;10000,0;10000,0;12107,85;10000,0
2002-09-29;10000,0;10000,0;12107,85;10000,0
2002-09-30;10084,1;10045,06;12129,64;10011,37
2002-10-01;10035,3;10023,9;12090,49;10002,01
2002-10-02;9926,5;9957,72;12044,24;9977,86
2002-10-03;9979,1;9986,44;12063,69;9989,47
2002-10-04;9945,21;9972,74;12068,76;10003,03
2002-10-05;9945,21;9972,74;12068,76;10003,03
2002-10-06;9945,21;9972,74;12068,76;10003,03
2002-10-07;9926,96;9969,6;12072,28;10017,7
2002-10-08;9868,36;9950,73;12083,78;10032,75
2002-10-09;9738,79;9894,56;12068,38;10035,66
2002-10-10;9728,65;9885,29;12074,39;10045,02
2002-10-11;9679,8;9853,93;12050,32;10021,08
2002-10-12;9679,8;9853,93;12050,32;10021,08
2002-10-13;9679,8;9853,93;12050,32;10021,08
2002-10-14;9685,45;9855,19;12021,17;10036,97
2002-10-15;9867,31;9971,68;12053,4;10080,82
2002-10-16;9859,87;9974,3;12047,8;10084,35
2002-10-17;9970,82;10041,78;12067,38;10111,6
2002-10-18;9939,84;10017,62;12051,41;10090,01
2002-10-19;9939,84;10017,62;12051,41;10090,01
2002-10-20;9939,84;10017,62;12051,41;10090,01
2002-10-21;10019,7;10070,34;12080,73;10107,63
2002-10-22;10047,97;10098,3;12083,27;10124,62
2002-10-23;10058,76;10098,32;12076,18;10116,79
2002-10-24;10024,32;10084,97;12055,43;10116,74
2002-10-25;10074,86;10122,79;12075,2;10122,37
2002-10-26;10074,86;10122,79;12075,2;10122,37
2002-10-27;10074,86;10122,79;12075,2;10122,37
2002-10-28;10061,4;10102,69;12077,45;10119,14
2002-10-29;10099,88;10128,77;12080,7;10123,23
2002-10-30;10119,26;10148,35;12105,31;10129,27
2002-10-31;10084,16;10143,19;12099,08;10130,25
2002-11-01;10084,16;10143,19;12099,08;10130,25
2002-11-02;10084,16;10143,19;12099,08;10130,25
2002-11-03;10084,16;10143,19;12099,08;10130,25
2002-11-04;10116,08;10169,85;12107,33;10138,16
2002-11-05;10139,06;10189,61;12117,26;10145,4
2002-11-06;10202,21;10239,22;12161,21;10176,75
2002-11-07;10248,19;10248,93;12161,48;10168,2
2002-11-08;10238,53;10249,8;12163,93;10167,03
2002-11-09;10238,53;10249,8;12163,93;10167,03
2002-11-10;10238,53;10249,8;12163,93;10167,03
2002-11-11;10171,51;10220,08;12142,02;10164,88
2002-11-12;10128,47;10199,46;12134,21;10159,61
2002-11-13;10061,75;10171,63;12120,63;10147,6
2002-11-14;10074,66;10179,59;12130,78;10156,53
2002-11-15;10077,46;10172,38;12116,22;10144,44
2002-11-16;10077,46;10172,38;12116,22;10144,44
2002-11-17;10077,46;10172,38;12116,22;10144,44
2002-11-18;10173,06;10226,41;12153,52;10172,39
2002-11-19;10207,8;10242,69;12156,59;10178,67
2002-11-20;10191,83;10232,19;12151,1;10171,06
2002-11-21;10154,86;10216,7;12150,59;10177,43
2002-11-22;10157,43;10208,77;12143,84;10166,49
2002-11-23;10157,43;10208,77;12143,84;10166,49
2002-11-24;10157,43;10208,77;12143,84;10166,49
2002-11-25;10291,18;10284,41;12195,94;10202,98
2002-11-26;10301,6;10278,47;12185,0;10183,02
2002-11-27;10278,94;10261,43;12171,63;10166,44
2002-11-28;10209,26;10211,85;12122,34;10136,18
2002-11-29;10230,33;10217,4;12119,14;10133,18
2002-11-30;10230,33;10217,4;12119,14;10133,18
2002-12-01;10230,33;10217,4;12119,14;10133,18
2002-12-02;10279,0;10248,12;12135,35;10143,64
2002-12-03;10292,56;10240,91;12124,41;10127,95
2002-12-04;10344,32;10286,13;12175,64;10167,77
2002-12-05;10343,01;10292,45;12202,12;10188,13
2002-12-06;10285,37;10259,66;12189,0;10175,89
2002-12-07;10285,37;10259,66;12189,0;10175,89
2002-12-08;10285,37;10259,66;12189,0;10175,89
2002-12-09;10256,17;10233,83;12170,97;10164,39
2002-12-10;10283,94;10262,51;12194,5;10187,03
2002-12-11;10210,36;10214,61;12168,36;10168,39
2002-12-12;10210,07;10207,47;12144,62;10162,03
2002-12-13;10205,14;10204,08;12140,18;10145,22
2002-12-14;10205,14;10204,08;12140,18;10145,22
2002-12-15;10205,14;10204,08;12140,18;10145,22
2002-12-16;10241,67;10235,32;12177,43;10169,61
2002-12-17;10196,79;10196,39;12142,58;10149,71
2002-12-18;10228,8;10213,94;12142,55;10144,15
2002-12-19;10287,26;10252,0;12172,28;10164,14
2002-12-20;10286,22;10252,67;12175,24;10169,89
2002-12-21;10286,22;10252,67;12175,24;10169,89
2002-12-22;10286,22;10252,67;12175,24;10169,89
2002-12-23;10295,17;10255,08;12173,83;10170,48
2002-12-24;10356,76;10293,38;12202,92;10182,66
2002-12-25;10356,76;10293,38;12202,92;10182,66
2002-12-26;10364,29;10299,21;12206,6;10188,56
2002-12-27;10381,39;10315,75;12228,43;10205,44
2002-12-28;10381,39;10315,75;12228,43;10205,44
2002-12-29;10381,39;10315,75;12228,43;10205,44
2002-12-30;10379,07;10311,32;12221,68;10201,66
2002-12-31;10328,96;10302,84;12237,29;10211,04
2003-01-01;10328,96;10302,84;12237,29;10211,04
2003-01-02;10373,84;10328,81;12264,74;10225,66
2003-01-03;10381,42;10328,5;12273,0;10228,3
2003-01-04;10381,42;10328,5;12273,0;10228,3
2003-01-05;10381,42;10328,5;12273,0;10228,3
2003-01-06;10424,7;10330,86;12261,98;10204,96
2003-01-07;10460,88;10343,58;12263,02;10204,71
2003-01-08;10561,21;10412,9;12310,28;10242,88
2003-01-09;10485,53;10373,59;12298,09;10235,07
2003-01-10;10466,23;10374,02;12302,43;10249,91
2003-01-11;10466,23;10374,02;12302,43;10249,91
2003-01-12;10466,23;10374,02;12302,43;10249,91
2003-01-13;10532,72;10407,9;12333,55;10264,02
2003-01-14;10567,7;10424,8;12340,38;10273,11
2003-01-15;10603,35;10460,18;12362,53;10294,34
2003-01-16;10644,4;10489,87;12380,79;10315,86
2003-01-17;10633,81;10489,58;12393,24;10319,29
2003-01-18;10633,81;10489,58;12393,24;10319,29
2003-01-19;10633,81;10489,58;12393,24;10319,29
2003-01-20;10631,55;10494,35;12406,09;10328,72
2003-01-21;10557,48;10450,55;12386,51;10311,36
2003-01-22;10542,28;10449,39;12390,86;10324,29
2003-01-23;10516,39;10437,92;12394,22;10325,2
2003-01-24;10445,41;10400,09;12365,42;10302,66
2003-01-25;10445,41;10400,09;12365,42;10302,66
2003-01-26;10445,41;10400,09;12365,42;10302,66
2003-01-27;10488,77;10431,91;12399,95;10327,76
2003-01-28;10421,68;10398,21;12382,77;10317,81
2003-01-29;10317,2;10336,06;12330,0;10288,18
2003-01-30;10339,54;10351,19;12341,65;10292,67
2003-01-31;10315,08;10328,13;12314,91;10265,3
2003-02-01;10315,08;10328,13;12314,91;10265,3
2003-02-02;10315,08;10328,13;12314,91;10265,3
2003-02-03;10342,62;10348,67;12339,42;10284,89
2003-02-04;10367,05;10359,51;12340,29;10285,08
2003-02-05;10440,09;10416,4;12399,52;10336,81
2003-02-06;10442,36;10412,83;12398,75;10335,61
2003-02-07;10451,15;10417,95;12396,95;10330,73
2003-02-08;10451,15;10417,95;12396,95;10330,73
2003-02-09;10451,15;10417,95;12396,95;10330,73
2003-02-10;10395,02;10391,92;12380,18;10323,93
2003-02-11;10379,27;10392,57;12386,27;10334,45
2003-02-12;10382,91;10395,02;12389,7;10329,59
2003-02-13;10412,62;10415,1;12404,33;10340,38
2003-02-14;10386,85;10395,85;12385,19;10321,14
2003-02-15;10386,85;10395,85;12385,19;10321,14
2003-02-16;10386,85;10395,85;12385,19;10321,14
2003-02-17;10357,95;10376,57;12371,34;10305,85
2003-02-18;10335,25;10361,0;12351,71;10294,26
2003-02-19;10354,9;10377,03;12379,88;10317,8
2003-02-20;10440,6;10427,36;12427,29;10356,41
2003-02-21;10424,66;10420,7;12420,48;10348,29
2003-02-22;10424,66;10420,7;12420,48;10348,29
2003-02-23;10424,66;10420,7;12420,48;10348,29
2003-02-24;10421,52;10424,97;12437,77;10361,05
2003-02-25;10459,1;10445,38;12458,03;10369,04
2003-02-26;10435,09;10435,22;12458,23;10371,4
2003-02-27;10379,66;10416,17;12443,27;10367,84
2003-02-28;10359,35;10408,39;12450,04;10385,95
2003-03-01;10359,35;10408,39;12450,04;10385,95
2003-03-02;10359,35;10408,39;12450,04;10385,95
2003-03-03;10377,71;10420,88;12449,87;10380,58
2003-03-04;10413,09;10446,95;12472,81;10395,27
2003-03-05;10457,7;10484,96;12523,45;10436,28
2003-03-06;10441,87;10488,22;12535,63;10446,08
2003-03-07;10424,71;10485,81;12537,2;10452,37
2003-03-08;10424,71;10485,81;12537,2;10452,37
2003-03-09;10424,71;10485,81;12537,2;10452,37
2003-03-10;10444,02;10502,58;12557,3;10468,52
2003-03-11;10438,29;10497,46;12552,84;10459,31
2003-03-12;10320,37;10428,15;12491,78;10414,1
2003-03-13;10282,84;10416,72;12493,52;10423,75
2003-03-14;10237,56;10389,98;12463,9;10417,02
2003-03-15;10237,56;10389,98;12463,9;10417,02
2003-03-16;10237,56;10389,98;12463,9;10417,02
2003-03-17;10288,11;10400,42;12459,5;10414,79
2003-03-18;10329,7;10429,17;12488,04;10435,07
2003-03-19;10340,54;10427,97;12477,13;10421,51
2003-03-20;10402,76;10457,75;12505,57;10442,54
2003-03-21;10453,05;10482,66;12523,26;10446,76
2003-03-22;10453,05;10482,66;12523,26;10446,76
2003-03-23;10453,05;10482,66;12523,26;10446,76
2003-03-24;10441,8;10469,09;12498,87;10426,08
2003-03-25;10510,92;10500,19;12521,5;10441,72
2003-03-26;10382,43;10437,26;12477,56;10417,41
2003-03-27;10398,46;10455,49;12495,22;10438,57
2003-03-28;10422,63;10470,2;12514,51;10449,14
2003-03-29;10422,63;10470,2;12514,51;10449,14
2003-03-30;10422,63;10470,2;12514,51;10449,14
2003-03-31;10378,74;10441,8;12494,11;10433,23
2003-04-01;10393,57;10458,74;12517,29;10457,53
2003-04-02;10317,15;10430,32;12503,78;10457,04
2003-04-03;10287,01;10404,37;12469,76;10429,73
2003-04-04;10379,46;10459,65;12520,76;10467,04
2003-04-05;10379,46;10459,65;12520,76;10467,04
2003-04-06;10379,46;10459,65;12520,76;10467,04
2003-04-07;10404,06;10472,12;12529,16;10467,27
2003-04-08;10429,78;10475,05;12521,52;10456,62
2003-04-09;10510,63;10523,02;12553,28;10479,47
2003-04-10;10510,88;10522,9;12558,99;10482,62
2003-04-11;10532,5;10543,1;12583,21;10499,36
2003-04-12;10532,5;10543,1;12583,21;10499,36
2003-04-13;10532,5;10543,1;12583,21;10499,36
2003-04-14;10541,61;10556,88;12587,97;10509,48
2003-04-15;10570,92;10577,27;12601,74;10520,34
2003-04-16;10644,11;10610,98;12617,36;10512,15
2003-04-17;10700,29;10642,78;12638,03;10524,37
2003-04-18;10700,29;10642,78;12638,03;10524,37
2003-04-19;10700,29;10642,78;12638,03;10524,37
2003-04-20;10700,29;10642,78;12638,03;10524,37
2003-04-21;10711,79;10659,38;12652,62;10538,28
2003-04-22;10761,12;10684,71;12670,84;10547,1
2003-04-23;10788,08;10707,57;12698,38;10564,52
2003-04-24;10814,51;10714,9;12701,95;10566,29
2003-04-25;10878,88;10756,81;12738,99;10589,88
2003-04-26;10878,88;10756,81;12738,99;10589,88
2003-04-27;10878,88;10756,81;12738,99;10589,88
2003-04-28;10891,04;10779,01;12765,45;10612,83
2003-04-29;10837,15;10754,07;12754,66;10613,56
2003-04-30;10916,1;10781,14;12753,3;10609,26
2003-05-01;10916,1;10781,14;12753,3;10609,26
2003-05-02;11032,38;10849,26;12801,71;10639,34
2003-05-03;11032,38;10849,26;12801,71;10639,34
2003-05-04;11032,38;10849,26;12801,71;10639,34
2003-05-05;11096,61;10893,12;12835,43;10661,88
2003-05-06;11183,84;10937,66;12866,99;10682,94
2003-05-07;11249,57;10978,1;12894,74;10697,13
2003-05-08;11218,86;10955,11;12872,05;10676,88
2003-05-09;11217,26;10964,56;12890,95;10688,66
2003-05-10;11217,26;10964,56;12890,95;10688,66
2003-05-11;11217,26;10964,56;12890,95;10688,66
2003-05-12;11220,73;10971,65;12893,17;10695,65
2003-05-13;11317,57;11016,7;12918,79;10702,71
2003-05-14;11361,09;11037,2;12939,05;10698,92
2003-05-15;11418,02;11067,4;12966,89;10714,68
2003-05-16;11459,53;11091,34;12991,93;10731,19
2003-05-17;11459,53;11091,34;12991,93;10731,19
2003-05-18;11459,53;11091,34;12991,93;10731,19
2003-05-19;11478,11;11101,84;12993,62;10741,64
2003-05-20;11419,59;11074,64;12975,41;10735,31
2003-05-21;11419,59;11074,64;12975,41;10735,31
2003-05-22;11294,72;11020,75;12952,37;10730,89
2003-05-23;11263,21;11000,76;12933,85;10713,84
2003-05-24;11263,21;11000,76;12933,85;10713,84
2003-05-25;11263,21;11000,76;12933,85;10713,84
2003-05-26;11364,79;11054,26;12971,22;10744,0
2003-05-27;11415,6;11080,16;12992,83;10758,14
2003-05-28;11441,8;11096,38;13009,41;10770,54
2003-05-29;11551,75;11146,15;13038,05;10783,32
2003-05-30;11607,34;11177,5;13056,03;10792,11
2003-05-31;11607,34;11177,5;13056,03;10792,11
2003-06-01;11607,34;11177,5;13056,03;10792,11
2003-06-02;11657,3;11202,8;13076,08;10807,13
2003-06-03;11670,91;11207,83;13073,28;10794,63
2003-06-04;11748,23;11255,06;13113,82;10821,92
2003-06-05;11733,76;11242,64;13097,27;10803,27
2003-06-06;11850,48;11312,29;13157,02;10845,59
2003-06-07;11850,48;11312,29;13157,02;10845,59
2003-06-08;11850,48;11312,29;13157,02;10845,59
2003-06-09;11854,13;11307,5;13148,7;10839,31
2003-06-10;11967,26;11378,76;13205,72;10877,02
2003-06-11;11931,36;11366,24;13204,31;10874,14
2003-06-12;11946,02;11370,58;13210,37;10878,61
2003-06-13;11941,15;11360,07;13188,42;10864,02
2003-06-14;11941,15;11360,07;13188,42;10864,02
2003-06-15;11941,15;11360,07;13188,42;10864,02
2003-06-16;11941,15;11360,07;13188,42;10864,02
2003-06-17;12023,58;11410,89;13229,26;10898,26
2003-06-18;12066,87;11427,06;13229,21;10897,21
2003-06-19;12084,8;11431,89;13229,95;10907,33
2003-06-20;12041,48;11408,35;13213,19;10894,39
2003-06-21;12041,48;11408,35;13213,19;10894,39
2003-06-22;12041,48;11408,35;13213,19;10894,39
2003-06-23;11954,89;11359,31;13176,85;10876,35
2003-06-24;11913,34;11338,07;13168,54;10870,41
2003-06-25;11749,69;11254,46;13115,2;10837,26
2003-06-26;11730,32;11247,93;13118,72;10843,93
2003-06-27;11715,19;11233,57;13103,83;10829,34
2003-06-28;11715,19;11233,57;13103,83;10829,34
2003-06-29;11715,19;11233,57;13103,83;10829,34
2003-06-30;11678,33;11207,9;13078,62;10809,64
2003-07-01;11733,29;11237,43;13101,47;10822,44
2003-07-02;11749,43;11244,56;13107,24;10827,63
2003-07-03;11839,36;11297,85;13138,29;10857,24
2003-07-04;11940,8;11344,32;13167,42;10877,48
2003-07-05;11940,8;11344,32;13167,42;10877,48
2003-07-06;11940,8;11344,32;13167,42;10877,48
2003-07-07;11939,32;11341,67;13163,94;10872,35
2003-07-08;11957,8;11353,81;13177,16;10885,0
2003-07-09;12081,32;11420,41;13225,42;10913,63
2003-07-10;12068,7;11401,37;13214,35;10895,22
2003-07-11;12042,98;11396,68;13215,55;10899,05
2003-07-12;12042,98;11396,68;13215,55;10899,05
2003-07-13;12042,98;11396,68;13215,55;10899,05
2003-07-14;11985,93;11374,74;13206,41;10897,01
2003-07-15;12022,78;11394,71;13215,04;10909,03
2003-07-16;12015,23;11388,05;13210,17;10907,77
2003-07-17;11995,46;11378,99;13198,32;10899,29
2003-07-18;11933,69;11348,08;13181,01;10890,57
2003-07-19;11933,69;11348,08;13181,01;10890,57
2003-07-20;11933,69;11348,08;13181,01;10890,57
2003-07-21;11895,21;11335,08;13185,98;10897,21
2003-07-22;11920,71;11343,32;13192,68;10892,48
2003-07-23;11920,16;11344,73;13197,49;10892,75
2003-07-24;12039,43;11423,95;13262,55;10946,45
2003-07-25;12053,93;11430,31;13262,42;10943,73
2003-07-26;12053,93;11430,31;13262,42;10943,73
2003-07-27;12053,93;11430,31;13262,42;10943,73
2003-07-28;12098,07;11464,54;13294,71;10966,54
2003-07-29;12144,0;11479,65;13293,2;10962,54
2003-07-30;12198,2;11520,83;13334,86;10996,2
2003-07-31;12186,45;11508,84;13322,65;10984,77
2003-08-01;12189,53;11506,12;13323,16;10980,48
2003-08-02;12189,53;11506,12;13323,16;10980,48
2003-08-03;12189,53;11506,12;13323,16;10980,48
2003-08-04;12266,06;11547,68;13353,63;11002,31
2003-08-05;12305,13;11585,47;13390,6;11021,56
2003-08-06;12245,12;11544,21;13362,28;11003,38
2003-08-07;12154,93;11487,5;13316,94;10970,63
2003-08-08;12150,56;11477,26;13302,01;10964,3
2003-08-09;12150,56;11477,26;13302,01;10964,3
2003-08-10;12150,56;11477,26;13302,01;10964,3
2003-08-11;12171,93;11492,85;13311,85;10972,52
2003-08-12;12247,58;11541,91;13349,13;10999,52
2003-08-13;12328,36;11588,85;13386,26;11023,21
2003-08-14;12416,58;11639,27;13420,65;11042,09
2003-08-15;12416,58;11639,27;13420,65;11042,09
2003-08-16;12416,58;11639,27;13420,65;11042,09
2003-08-17;12416,58;11639,27;13420,65;11042,09
2003-08-18;12468,81;11659,48;13425,44;11038,23
2003-08-19;12565,92;11717,12;13466,1;11060,24
2003-08-20;12628,93;11763,49;13506,76;11088,28
2003-08-21;12642,95;11772,69;13512,32;11090,04
2003-08-22;12612,84;11754,34;13497,01;11074,7
2003-08-23;12612,84;11754,34;13497,01;11074,7
2003-08-24;12612,84;11754,34;13497,01;11074,7
2003-08-25;12597,67;11740,43;13484,09;11066,4
2003-08-26;12555,13;11715,58;13469,98;11057,13
2003-08-27;12477,65;11665,91;13429,11;11040,04
2003-08-28;12492,34;11674,28;13440,92;11050,7
2003-08-29;12556,34;11704,05;13457,04;11054,72
2003-08-30;12556,34;11704,05;13457,04;11054,72
2003-08-31;12556,34;11704,05;13457,04;11054,72
2003-09-01;12615,22;11745,53;13495,29;11081,09
2003-09-02;12683,76;11782,18;13515,83;11089,42
2003-09-03;12662,47;11763,4;13494,17;11074,06
2003-09-04;12687,49;11765,4;13487,53;11066,61
2003-09-05;12656,13;11735,37;13458,25;11044,6
2003-09-06;12656,13;11735,37;13458,25;11044,6
2003-09-07;12656,13;11735,37;13458,25;11044,6
2003-09-08;12656,67;11742,73;13470,45;11059,05
2003-09-09;12694,09;11767,82;13489,19;11070,93
2003-09-10;12766,08;11814,2;13526,64;11091,39
2003-09-11;12698,1;11783,98;13501,22;11074,35
2003-09-12;12601,52;11733,23;13458,41;11045,96
2003-09-13;12601,52;11733,23;13458,41;11045,96
2003-09-14;12601,52;11733,23;13458,41;11045,96
2003-09-15;12641,76;11747,05;13453,85;11052,25
2003-09-16;12629,04;11731,51;13438,0;11045,02
2003-09-17;12598,96;11712,24;13414,47;11031,29
2003-09-18;12598,96;11712,24;13414,47;11031,29
2003-09-19;12598,96;11712,24;13414,47;11031,29
2003-09-20;12598,96;11712,24;13414,47;11031,29
2003-09-21;12598,96;11712,24;13414,47;11031,29
2003-09-22;12690,45;11763,0;13452,52;11055,3
2003-09-23;12649,22;11746,21;13439,0;11042,65
2003-09-24;12591,12;11720,03;13418,38;11036,92
2003-09-25;12702,56;11796,41;13474,35;11080,75
2003-09-26;12677,3;11789,27;13470,88;11077,95
2003-09-27;12677,3;11789,27;13470,88;11077,95
2003-09-28;12677,3;11789,27;13470,88;11077,95
2003-09-29;12734,64;11833,15;13520,35;11104,8
2003-09-30;12738,96;11836,94;13516,46;11108,96
2003-10-01;12722,52;11822,41;13499,26;11100,21
2003-10-02;12755,09;11856,56;13527,19;11128,67
2003-10-03;12928,63;11957,89;13597,95;11172,4
2003-10-04;12928,63;11957,89;13597,95;11172,4
2003-10-05;12928,63;11957,89;13597,95;11172,4
2003-10-06;12951,52;11962,18;13600,14;11162,63
2003-10-07;13094,11;12034,06;13649,68;11191,96
2003-10-08;13063,19;12007,18;13625,98;11171,65
2003-10-09;13045,8;11992,34;13606,75;11165,86
2003-10-10;13152,46;12052,05;13641,0;11193,56
2003-10-11;13152,46;12052,05;13641,0;11193,56
2003-10-12;13152,46;12052,05;13641,0;11193,56
2003-10-13;13219,9;12101,12;13679,75;11218,13
2003-10-14;13273,34;12137,02;13708,5;11231,4
2003-10-15;13333,84;12184,47;13757,22;11267,93
2003-10-16;13460,38;12273,5;13834,88;11315,46
2003-10-17;13404,56;12239,11;13809,19;11294,02
2003-10-18;13404,56;12239,11;13809,19;11294,02
2003-10-19;13404,56;12239,11;13809,19;11294,02
2003-10-20;13495,3;12301,2;13854,61;11323,5
2003-10-21;13432,72;12271,33;13836,7;11313,73
2003-10-22;13500,94;12314,21;13862,12;11330,27
2003-10-23;13486,36;12313,67;13866,07;11338,05
2003-10-24;13298,58;12211,78;13788,3;11282,92
2003-10-25;13298,58;12211,78;13788,3;11282,92
2003-10-26;13298,58;12211,78;13788,3;11282,92
2003-10-27;13250,35;12186,3;13766,74;11283,29
2003-10-28;13252,13;12192,05;13776,57;11302,4
2003-10-29;13249,09;12183,09;13767,14;11288,12
2003-10-30;13311,27;12206,41;13783,89;11292,81
2003-10-31;13216,45;12147,08;13721,8;11246,58
2003-11-01;13216,45;12147,08;13721,8;11246,58
2003-11-02;13216,45;12147,08;13721,8;11246,58
2003-11-03;13213,1;12147,01;13721,25;11260,62
2003-11-04;13162,37;12116,74;13699,32;11251,15
2003-11-05;13198,28;12128,09;13695,77;11250,4
2003-11-06;13164,08;12101,66;13670,22;11231,76
2003-11-07;13089,91;12058,49;13639,65;11213,06
2003-11-08;13089,91;12058,49;13639,65;11213,06
2003-11-09;13089,91;12058,49;13639,65;11213,06
2003-11-10;12960,66;11975,73;13574,94;11164,4
2003-11-11;12962,17;11966,59;13557,79;11162,67
2003-11-12;12978,64;11991,22;13585,03;11191,16
2003-11-13;12965,53;11998,64;13602,9;11198,34
2003-11-14;13051,34;12047,25;13639,24;11216,65
2003-11-15;13051,34;12047,25;13639,24;11216,65
2003-11-16;13051,34;12047,25;13639,24;11216,65
2003-11-17;13104,03;12078,26;13654,0;11226,69
2003-11-18;13060,41;12056,37;13634,74;11218,33
2003-11-19;13042,25;12055,85;13646,37;11246,27
2003-11-20;12975,2;12015,41;13617,72;11214,42
2003-11-21;12873,16;11953,91;13570,35;11181,42
2003-11-22;12873,16;11953,91;13570,35;11181,42
2003-11-23;12873,16;11953,91;13570,35;11181,42
2003-11-24;12835,23;11932,58;13556,48;11176,04
2003-11-25;12828,63;11919,0;13537,31;11162,41
2003-11-26;12876,77;11944,13;13552,25;11174,11
2003-11-27;12975,23;12005,26;13599,4;11201,67
2003-11-28;12996,73;12008,16;13593,06;11188,81
2003-11-29;12996,73;12008,16;13593,06;11188,81
2003-11-30;12996,73;12008,16;13593,06;11188,81
2003-12-01;13015,5;12021,63;13604,4;11191,58
2003-12-02;13074,08;12056,18;13627,59;11208,56
2003-12-03;13182,1;12112,41;13664,88;11228,33
2003-12-04;13120,09;12072,01;13619,51;11192,12
2003-12-05;13154,19;12094,72;13644,81;11223,98
2003-12-06;13154,19;12094,72;13644,81;11223,98
2003-12-07;13154,19;12094,72;13644,81;11223,98
2003-12-08;13154,19;12094,72;13644,81;11223,98
2003-12-09;13203,44;12129,23;13675,67;11243,77
2003-12-10;13136,8;12093,81;13649,3;11224,32
2003-12-11;13139,34;12087,88;13645,87;11224,0
2003-12-12;13045,03;12041,02;13606,1;11214,78
2003-12-13;13045,03;12041,02;13606,1;11214,78
2003-12-14;13045,03;12041,02;13606,1;11214,78
2003-12-15;13121,53;12084,18;13634,2;11225,96
2003-12-16;13140,72;12101,31;13650,76;11245,53
2003-12-17;13174,93;12122,39;13667,99;11257,78
2003-12-18;13112,37;12085,39;13642,02;11245,95
2003-12-19;13104,88;12067,46;13620,99;11220,5
2003-12-20;13104,88;12067,46;13620,99;11220,5
2003-12-21;13104,88;12067,46;13620,99;11220,5
2003-12-22;13117,68;12070,25;13615,37;11218,75
2003-12-23;13154,75;12093,98;13634,85;11239,8
2003-12-24;13205,1;12123,91;13658,0;11252,69
2003-12-25;13205,1;12123,91;13658,0;11252,69
2003-12-26;13215,79;12133,18;13663,43;11252,94
2003-12-27;13215,79;12133,18;13663,43;11252,94
2003-12-28;13215,79;12133,18;13663,43;11252,94
2003-12-29;13220,16;12138,79;13664,53;11254,53
2003-12-30;13354,7;12222,2;13747,5;11317,87
2003-12-31;13390,55;12229,63;13738,53;11297,79
2004-01-01;13390,55;12229,63;13738,53;11297,79
2004-01-02;13379,08;12218,55;13718,64;11279,7
2004-01-03;13379,08;12218,55;13718,64;11279,7
2004-01-04;13379,08;12218,55;13718,64;11279,7
2004-01-05;13369,62;12217,29;13721,27;11288,86
2004-01-06;13394,37;12229,66;13721,48;11278,31
2004-01-07;13379,45;12212,96;13693,01;11253,92
2004-01-08;13479,98;12261,27;13735,14;11303,79
2004-01-09;13473,39;12256,24;13734,84;11301,83
2004-01-10;13473,39;12256,24;13734,84;11301,83
2004-01-11;13473,39;12256,24;13734,84;11301,83
2004-01-12;13454,26;12255,41;13731,56;11297,92
2004-01-13;13530,99;12304,97;13769,42;11326,94
2004-01-14;13609,67;12349,87;13809,07;11344,33
2004-01-15;13647,52;12374,37;13839,55;11357,96
2004-01-16;13558,13;12319,86;13793,36;11323,34
2004-01-17;13558,13;12319,86;13793,36;11323,34
2004-01-18;13558,13;12319,86;13793,36;11323,34
2004-01-19;13613,58;12352,9;13825,23;11349,31
2004-01-20;13513,28;12286,77;13767,25;11310,2
2004-01-21;13522,14;12294,55;13771,72;11318,04
2004-01-22;13557,99;12314,52;13790,69;11329,02
2004-01-23;13617,34;12350,22;13822,48;11359,53
2004-01-24;13617,34;12350,22;13822,48;11359,53
2004-01-25;13617,34;12350,22;13822,48;11359,53
2004-01-26;13707,61;12403,74;13875,28;11399,25
2004-01-27;13714,58;12402,71;13880,93;11396,63
2004-01-28;13659,2;12373,6;13861,88;11381,49
2004-01-29;13746,25;12425,46;13908,1;11417,86
2004-01-30;13721,82;12419,85;13928,09;11436,79
2004-01-31;13721,82;12419,85;13928,09;11436,79
2004-02-01;13721,82;12419,85;13928,09;11436,79
2004-02-02;13490,85;12299,27;13834,75;11358,2
2004-02-03;13325,67;12204,52;13740,25;11296,32
2004-02-04;13490,72;12292,99;13816,76;11371,31
2004-02-05;13531,5;12320,21;13844,69;11393,15
2004-02-06;13537,93;12327,83;13865,77;11411,91
2004-02-07;13537,93;12327,83;13865,77;11411,91
2004-02-08;13537,93;12327,83;13865,77;11411,91
2004-02-09;13559,28;12344,3;13882,24;11421,72
2004-02-10;13477,1;12298,42;13833,79;11371,18
2004-02-11;13577,9;12346,57;13863,58;11390,27
2004-02-12;13640,01;12383,29;13898,51;11423,21
2004-02-13;13630,07;12373,25;13885,28;11405,85
2004-02-14;13630,07;12373,25;13885,28;11405,85
2004-02-15;13630,07;12373,25;13885,28;11405,85
2004-02-16;13682,79;12400,68;13908,84;11424,03
2004-02-17;13764,91;12447,86;13953,15;11455,66
2004-02-18;13710,21;12425,61;13926,62;11427,96
2004-02-19;13857,03;12504,65;13987,7;11466,69
2004-02-20;14020,96;12600,37;14074,31;11530,94
2004-02-21;14020,96;12600,37;14074,31;11530,94
2004-02-22;14020,96;12600,37;14074,31;11530,94
2004-02-23;13931,69;12562,3;14051,93;11508,97
2004-02-24;13906,16;12566,06;14062,73;11524,53
2004-02-25;13954,36;12603,49;14101,21;11553,2
2004-02-26;13836,27;12542,56;14049,99;11519,65
2004-02-27;13945,79;12600,75;14111,24;11560,52
2004-02-28;13945,79;12600,75;14111,24;11560,52
2004-02-29;13945,79;12600,75;14111,24;11560,52
2004-03-01;13933,68;12597,73;14110,84;11554,98
2004-03-02;13952,37;12610,73;14118,51;11558,91
2004-03-03;14089,19;12682,29;14171,77;11591,46
2004-03-04;14221,39;12763,46;14237,81;11631,2
2004-03-05;14158,18;12737,69;14231,58;11627,29
2004-03-06;14158,18;12737,69;14231,58;11627,29
2004-03-07;14158,18;12737,69;14231,58;11627,29
2004-03-08;14051,17;12672,75;14176,74;11591,35
2004-03-09;14070,1;12671,07;14170,15;11597,88
2004-03-10;14050,96;12658,99;14170,42;11603,24
2004-03-11;14113,49;12706,13;14217,86;11634,62
2004-03-12;13948,84;12626,39;14159,45;11606,4
2004-03-13;13948,84;12626,39;14159,45;11606,4
2004-03-14;13948,84;12626,39;14159,45;11606,4
2004-03-15;13798,37;12551,21;14119,47;11594,55
2004-03-16;13838,77;12569,21;14136,38;11603,54
2004-03-17;13767,24;12536,24;14114,62;11595,13
2004-03-18;13830,4;12567,27;14137,82;11606,78
2004-03-19;13841,89;12563,68;14134,44;11587,46
2004-03-20;13841,89;12563,68;14134,44;11587,46
2004-03-21;13841,89;12563,68;14134,44;11587,46
2004-03-22;13913,34;12600,76;14160,82;11606,54
2004-03-23;13816,13;12552,18;14129,8;11598,13
2004-03-24;13744,21;12512,41;14096,73;11576,48
2004-03-25;13739,65;12507,85;14093,34;11569,94
2004-03-26;13703,05;12482,12;14074,99;11559,3
2004-03-27;13703,05;12482,12;14074,99;11559,3
2004-03-28;13703,05;12482,12;14074,99;11559,3
2004-03-29;13823,19;12557,8;14141,86;11601,51
2004-03-30;13883,0;12584,84;14158,55;11606,06
2004-03-31;14012,77;12656,44;14218,4;11633,35
2004-04-01;13987,86;12638,6;14204,11;11615,74
2004-04-02;14024,11;12658,36;14209,56;11628,59
2004-04-03;14024,11;12658,36;14209,56;11628,59
2004-04-04;14024,11;12658,36;14209,56;11628,59
2004-04-05;14109,24;12698,17;14229,01;11615,12
2004-04-06;14169,61;12739,42;14252,63;11637,52
2004-04-07;14240,89;12777,51;14282,66;11656,39
2004-04-08;14290,57;12804,52;14306,58;11667,28
2004-04-09;14290,57;12804,52;14306,58;11667,28
2004-04-10;14290,57;12804,52;14306,58;11667,28
2004-04-11;14290,57;12804,52;14306,58;11667,28
2004-04-12;14166,69;12733,11;14247,14;11637,73
2004-04-13;14173,79;12739,73;14247,15;11644,78
2004-04-14;14152,23;12709,8;14206,64;11610,36
2004-04-15;14184,0;12731,97;14224,42;11630,79
2004-04-16;14044,99;12652,79;14164,86;11592,91
2004-04-17;14044,99;12652,79;14164,86;11592,91
2004-04-18;14044,99;12652,79;14164,86;11592,91
2004-04-19;13936,01;12598,31;14127,84;11587,1
2004-04-20;13926,99;12587,03;14118,47;11578,94
2004-04-21;13954,85;12597,9;14122,72;11579,56
2004-04-22;13926,04;12578,85;14116,4;11573,99
2004-04-23;13953,68;12599,37;14138,35;11595,25
2004-04-24;13953,68;12599,37;14138,35;11595,25
2004-04-25;13953,68;12599,37;14138,35;11595,25
2004-04-26;13975,18;12613,58;14152,52;11598,6
2004-04-27;13992,92;12630,34;14165,58;11608,79
2004-04-28;14060,9;12676,25;14207,83;11635,7
2004-04-29;14045,62;12666,03;14212,92;11641,5
2004-04-30;13927,4;12610,09;14175,48;11626,94
2004-05-01;13927,4;12610,09;14175,48;11626,94
2004-05-02;13927,4;12610,09;14175,48;11626,94
2004-05-03;13758,41;12511,75;14105,58;11599,25
2004-05-04;13687,18;12466,97;14070,67;11583,23
2004-05-05;13689,49;12471,17;14085,94;11598,39
2004-05-06;13813,15;12548,96;14150,31;11632,55
2004-05-07;13884,6;12593,65;14185,89;11648,78
2004-05-08;13884,6;12593,65;14185,89;11648,78
2004-05-09;13884,6;12593,65;14185,89;11648,78
2004-05-10;13746,21;12521,5;14133,96;11634,0
2004-05-11;13591,1;12447,86;14086,25;11614,17
2004-05-12;13275,82;12271,48;13950,99;11558,56
2004-05-13;13395,52;12341,05;14008,01;11587,62
2004-05-14;13392,74;12324,31;13992,59;11575,75
2004-05-15;13392,74;12324,31;13992,59;11575,75
2004-05-16;13392,74;12324,31;13992,59;11575,75
2004-05-17;13298,69;12282,36;13959,58;11564,98
2004-05-18;13320,71;12304,84;14002,43;11607,75
2004-05-19;13160,64;12210,31;13927,99;11578,29
2004-05-20;13248,26;12259,47;13960,72;11586,4
2004-05-21;13248,26;12259,47;13960,72;11586,4
2004-05-22;13248,26;12259,47;13960,72;11586,4
2004-05-23;13248,26;12259,47;13960,72;11586,4
2004-05-24;13443,18;12374,89;14058,25;11634,44
2004-05-25;13367,11;12332,13;14026,16;11616,73
2004-05-26;13409,9;12352,72;14043,47;11622,43
2004-05-27;13491,67;12402,47;14088,7;11647,19
2004-05-28;13566,02;12449,34;14126,84;11669,73
2004-05-29;13566,02;12449,34;14126,84;11669,73
2004-05-30;13566,02;12449,34;14126,84;11669,73
2004-05-31;13622,3;12487,75;14153,13;11680,66
2004-06-01;13698,82;12531,13;14191,08;11703,77
2004-06-02;13727,0;12549,72;14217,66;11719,94
2004-06-03;13642,6;12496,19;14181,32;11697,86
2004-06-04;13640,02;12498,39;14187,45;11704,58
2004-06-05;13640,02;12498,39;14187,45;11704,58
2004-06-06;13640,02;12498,39;14187,45;11704,58
2004-06-07;13640,02;12498,39;14187,45;11704,58
2004-06-08;13594,22;12481,18;14178,77;11706,79
2004-06-09;13724,22;12533,65;14211,5;11708,23
2004-06-10;13797,12;12577,54;14243,81;11724,55
2004-06-11;13797,8;12583,34;14251,38;11728,75
2004-06-12;13797,8;12583,34;14251,38;11728,75
2004-06-13;13797,8;12583,34;14251,38;11728,75
2004-06-14;13740,58;12557,26;14233,7;11716,74
2004-06-15;13701,91;12539,17;14216,92;11703,65
2004-06-16;13651,05;12507,56;14194,25;11702,6
2004-06-17;13683,14;12526,23;14209,55;11704,12
2004-06-18;13725,02;12558,3;14242,57;11721,51
2004-06-19;13725,02;12558,3;14242,57;11721,51
2004-06-20;13725,02;12558,3;14242,57;11721,51
2004-06-21;13778,71;12600,99;14276,98;11746,56
2004-06-22;13800,33;12616,2;14286,05;11753,52
2004-06-23;13735,03;12575,45;14251,66;11735,89
2004-06-24;13738,16;12571,93;14240,71;11727,04
2004-06-25;13781,1;12603,1;14262,35;11732,81
2004-06-26;13781,1;12603,1;14262,35;11732,81
2004-06-27;13781,1;12603,1;14262,35;11732,81
2004-06-28;13781,1;12603,1;14262,35;11732,81
2004-06-29;13871,94;12660,87;14305,71;11762,91
2004-06-30;13887,75;12666,73;14298,75;11753,7
2004-07-01;13881,94;12659,94;14295,75;11753,54
2004-07-02;13890,77;12667,33;14303,16;11754,15
2004-07-03;13890,77;12667,33;14303,16;11754,15
2004-07-04;13890,77;12667,33;14303,16;11754,15
2004-07-05;13885,13;12672,1;14310,22;11763,03
2004-07-06;13863,43;12661,45;14305,13;11767,02
2004-07-07;13872,06;12671,9;14326,0;11785,41
2004-07-08;13847,48;12664,37;14325,41;11792,22
2004-07-09;13856,44;12671,24;14336,69;11800,75
2004-07-10;13856,44;12671,24;14336,69;11800,75
2004-07-11;13856,44;12671,24;14336,69;11800,75
2004-07-12;13879,39;12691,73;14355,71;11815,08
2004-07-13;13850,49;12679,99;14355,71;11818,32
2004-07-14;13888,97;12702,4;14369,61;11822,68
2004-07-15;13845,18;12679,71;14357,55;11817,67
2004-07-16;13806,98;12664,6;14341,71;11808,68
2004-07-17;13806,98;12664,6;14341,71;11808,68
2004-07-18;13806,98;12664,6;14341,71;11808,68
2004-07-19;13771,9;12645,95;14330,18;11804,21
2004-07-20;13851,05;12697,24;14371,49;11829,28
2004-07-21;13832,13;12690,35;14367,28;11829,77
2004-07-22;13870,11;12717,57;14395,39;11847,87
2004-07-23;13798,21;12682,66;14376,01;11845,02
2004-07-24;13798,21;12682,66;14376,01;11845,02
2004-07-25;13798,21;12682,66;14376,01;11845,02
2004-07-26;13770,61;12670,67;14362,86;11841,83
2004-07-27;13791,0;12689,65;14393,34;11871,02
2004-07-28;13760,97;12683,21;14402,35;11882,38
2004-07-29;13731,39;12671,01;14398,93;11878,85
2004-07-30;13703,89;12658,64;14394,72;11885,06
2004-07-31;13703,89;12658,64;14394,72;11885,06
2004-08-01;13703,89;12658,64;14394,72;11885,06
2004-08-02;13807,23;12723,97;14442,86;11909,06
2004-08-03;13856,02;12756,77;14476,19;11922,97
2004-08-04;13814,69;12731,6;14461,02;11922,05
2004-08-05;13817,18;12735,68;14466,3;11924,77
2004-08-06;13779,49;12721,06;14457,01;11917,84
2004-08-07;13779,49;12721,06;14457,01;11917,84
2004-08-08;13779,49;12721,06;14457,01;11917,84
2004-08-09;13753,45;12709,51;14459,55;11930,63
2004-08-10;13708,39;12688,43;14444,78;11929,12
2004-08-11;13706,02;12692,28;14448,12;11934,09
2004-08-12;13785,8;12738,46;14482,23;11949,51
2004-08-13;13773,92;12742,67;14494,37;11959,7
2004-08-14;13773,92;12742,67;14494,37;11959,7
2004-08-15;13773,92;12742,67;14494,37;11959,7
2004-08-16;13751,65;12730,84;14489,06;11957,6
2004-08-17;13722,85;12717,59;14485,27;11965,61
2004-08-18;13775,95;12752,1;14508,61;11974,99
2004-08-19;13894,67;12830,96;14578,98;12020,02
2004-08-20;13934,29;12855,55;14593,2;12021,94
2004-08-21;13934,29;12855,55;14593,2;12021,94
2004-08-22;13934,29;12855,55;14593,2;12021,94
2004-08-23;14001,75;12901,92;14637,32;12057,05
2004-08-24;13987,21;12899,05;14633,75;12056,89
2004-08-25;13944,39;12868,59;14601,46;12039,91
2004-08-26;14022,82;12917,66;14642,75;12061,97
2004-08-27;14085,88;12941,69;14655,48;12058,93
2004-08-28;14085,88;12941,69;14655,48;12058,93
2004-08-29;14085,88;12941,69;14655,48;12058,93
2004-08-30;14077,63;12944,73;14663,82;12061,58
2004-08-31;14179,06;13010,26;14720,45;12095,45
2004-09-01;14120,0;12972,67;14683,15;12067,07
2004-09-02;14196,69;13017,91;14716,7;12084,68
2004-09-03;14220,0;13030,3;14727,04;12090,12
2004-09-04;14220,0;13030,3;14727,04;12090,12
2004-09-05;14220,0;13030,3;14727,04;12090,12
2004-09-06;14215,92;13028,32;14722,03;12089,1
2004-09-07;14192,33;13006,09;14692,84;12060,81
2004-09-08;14232,01;13022,59;14706,83;12066,4
2004-09-09;14204,48;12999,03;14690,27;12058,11
2004-09-10;14152,28;12973,14;14671,86;12063,32
2004-09-11;14152,28;12973,14;14671,86;12063,32
2004-09-12;14152,28;12973,14;14671,86;12063,32
2004-09-13;14187,59;12991,83;14690,45;12080,95
2004-09-14;14199,38;12994,51;14681,42;12061,17
2004-09-15;14273,58;13041,71;14718,2;12082,14
2004-09-16;14319,54;13078,02;14751,92;12100,4
2004-09-17;14319,54;13078,02;14751,92;12100,4
2004-09-18;14319,54;13078,02;14751,92;12100,4
2004-09-19;14319,54;13078,02;14751,92;12100,4
2004-09-20;14283,06;13061,69;14740,66;12096,95
2004-09-21;14350,13;13100,08;14764,88;12102,64
2004-09-22;14439,19;13152,11;14820,54;12132,14
2004-09-23;14454,15;13171,93;14841,76;12145,58
2004-09-24;14392,51;13137,16;14819,07;12134,94
2004-09-25;14392,51;13137,16;14819,07;12134,94
2004-09-26;14392,51;13137,16;14819,07;12134,94
2004-09-27;14399,95;13140,51;14822,21;12139,94
2004-09-28;14394,03;13137,7;14820,21;12142,72
2004-09-29;14296,97;13087,14;14782,56;12135,84
2004-09-30;14387,1;13136,52;14817,96;12147,58
2004-10-01;14488,21;13189,9;14860,67;12170,09
2004-10-02;14488,21;13189,9;14860,67;12170,09
2004-10-03;14488,21;13189,9;14860,67;12170,09
2004-10-04;14502,88;13207,87;14877,84;12180,83
2004-10-05;14624,9;13283,63;14925,74;12188,8
2004-10-06;14700,54;13320,35;14951,57;12193,89
2004-10-07;14705,06;13326,83;14955,95;12204,85
2004-10-08;14736,34;13343,92;14970,37;12208,83
2004-10-09;14736,34;13343,92;14970,37;12208,83
2004-10-10;14736,34;13343,92;14970,37;12208,83
2004-10-11;14736,34;13343,92;14970,37;12208,83
2004-10-12;14619,25;13275,78;14918,18;12188,23
2004-10-13;14609,55;13267,5;14906,23;12185,14
2004-10-14;14607,54;13270,5;14916,71;12199,52
2004-10-15;14570,06;13251,95;14914,66;12211,24
2004-10-16;14570,06;13251,95;14914,66;12211,24
2004-10-17;14570,06;13251,95;14914,66;12211,24
2004-10-18;14523,87;13238,05;14913,47;12217,92
2004-10-19;14507,65;13234,97;14915,34;12215,96
2004-10-20;14612,43;13300,7;14969,43;12242,89
2004-10-21;14694,08;13346,24;15014,09;12266,1
2004-10-22;14547,73;13268,19;14958,75;12241,41
2004-10-23;14547,73;13268,19;14958,75;12241,41
2004-10-24;14547,73;13268,19;14958,75;12241,41
2004-10-25;14601,55;13305,1;14982,12;12251,55
2004-10-26;14724,73;13378,91;15052,07;12297,42
2004-10-27;14613,11;13317,33;15007,93;12279,73
2004-10-28;14625,93;13322,59;15005,65;12274,27
2004-10-29;14800,57;13424,42;15090,53;12316,26
2004-10-30;14800,57;13424,42;15090,53;12316,26
2004-10-31;14800,57;13424,42;15090,53;12316,26
2004-11-01;14800,57;13424,42;15090,53;12316,26
2004-11-02;14837,01;13453,92;15121,27;12327,14
2004-11-03;14799,09;13435,3;15100,96;12313,05
2004-11-04;14885,7;13482,96;15134,09;12328,13
2004-11-05;14920,58;13504,86;15147,33;12334,93
2004-11-06;14920,58;13504,86;15147,33;12334,93
2004-11-07;14920,58;13504,86;15147,33;12334,93
2004-11-08;15007,46;13552,49;15186,56;12350,8
2004-11-09;15024,6;13556,4;15185,07;12346,0
2004-11-10;15041,57;13565,5;15193,26;12353,93
2004-11-11;14977,36;13526,06;15158,89;12333,46
2004-11-12;15006,34;13537,64;15160,41;12333,68
2004-11-13;15006,34;13537,64;15160,41;12333,68
2004-11-14;15006,34;13537,64;15160,41;12333,68
2004-11-15;14994,14;13523,5;15149,0;12323,86
2004-11-16;15009,47;13535,52;15146,45;12318,15
2004-11-17;15086,89;13572,95;15171,78;12331,54
2004-11-18;15050,66;13552,85;15155,88;12318,33
2004-11-19;15050,66;13552,85;15155,88;12318,33
2004-11-20;15050,66;13552,85;15155,88;12318,33
2004-11-21;15050,66;13552,85;15155,88;12318,33
2004-11-22;15135,46;13607,5;15201,08;12341,86
2004-11-23;15174,46;13631,37;15224,49;12357,48
2004-11-24;15068,6;13572,49;15179,41;12334,08
2004-11-25;15134,82;13612,94;15211,92;12348,26
2004-11-26;15218,65;13665,74;15254,28;12369,88
2004-11-27;15218,65;13665,74;15254,28;12369,88
2004-11-28;15218,65;13665,74;15254,28;12369,88
2004-11-29;15228,86;13675,85;15268,62;12374,59
2004-11-30;15283,04;13707,32;15287,51;12384,17
2004-12-01;15306,31;13722,73;15296,76;12384,31
2004-12-02;15299,98;13722,81;15298,42;12381,4
2004-12-03;15346,9;13752,52;15315,53;12379,15
2004-12-04;15346,9;13752,52;15315,53;12379,15
2004-12-05;15346,9;13752,52;15315,53;12379,15
2004-12-06;15415,59;13789,93;15348,69;12402,72
2004-12-07;15397,21;13777,5;15339,52;12398,16
2004-12-08;15397,21;13777,5;15339,52;12398,16
2004-12-09;15397,26;13778,6;15343,28;12406,14
2004-12-10;15378,88;13763,81;15339,09;12416,24
2004-12-11;15378,88;13763,81;15339,09;12416,24
2004-12-12;15378,88;13763,81;15339,09;12416,24
2004-12-13;15263,54;13694,6;15297,99;12397,61
2004-12-14;15142,96;13627,43;15246,43;12368,36
2004-12-15;15102,55;13600,87;15209,8;12340,91
2004-12-16;15283,38;13706,48;15286,89;12378,15
2004-12-17;15285,52;13713,49;15293,97;12382,86
2004-12-18;15285,52;13713,49;15293,97;12382,86
2004-12-19;15285,52;13713,49;15293,97;12382,86
2004-12-20;15323,69;13730,77;15305,16;12385,95
2004-12-21;15180,68;13646,53;15230,76;12342,88
2004-12-22;15287,78;13704,33;15270,64;12362,51
2004-12-23;15359,01;13754,05;15310,17;12384,84
2004-12-24;15370,46;13760,15;15318,72;12388,23
2004-12-25;15370,46;13760,15;15318,72;12388,23
2004-12-26;15370,46;13760,15;15318,72;12388,23
2004-12-27;15356,71;13749,75;15306,85;12384,42
2004-12-28;15392,71;13764,2;15312,92;12385,33
2004-12-29;15365,76;13745,65;15296,11;12372,55
2004-12-30;15431,44;13791,04;15332,91;12391,59
2004-12-31;15433,48;13788,15;15329,53;12390,48
2005-01-01;15433,48;13788,15;15329,53;12390,48
2005-01-02;15433,48;13788,15;15329,53;12390,48
2005-01-03;15447,28;13795,16;15333,38;12389,82
2005-01-04;15523,28;13843,05;15361,95;12401,63
2005-01-05;15548,97;13853,98;15379,07;12415,14
2005-01-06;15406,61;13763,17;15316,16;12385,93
2005-01-07;15218,26;13647,85;15232,51;12346,72
2005-01-08;15218,26;13647,85;15232,51;12346,72
2005-01-09;15218,26;13647,85;15232,51;12346,72
2005-01-10;15171,05;13619,5;15206,2;12335,55
2005-01-11;15200,29;13638,59;15219,35;12342,05
2005-01-12;15218,79;13639,8;15216,96;12339,55
2005-01-13;15212,23;13625,16;15206,68;12335,8
2005-01-14;15169,9;13599,49;15183,37;12321,71
2005-01-15;15169,9;13599,49;15183,37;12321,71
2005-01-16;15169,9;13599,49;15183,37;12321,71
2005-01-17;15284,75;13669,61;15237,62;12350,36
2005-01-18;15356,06;13718,7;15285,91;12373,97
2005-01-19;15426,77;13755,59;15317,28;12392,44
2005-01-20;15360,64;13712,96;15287,29;12375,63
2005-01-21;15421,49;13755,55;15325,91;12397,89
2005-01-22;15421,49;13755,55;15325,91;12397,89
2005-01-23;15421,49;13755,55;15325,91;12397,89
2005-01-24;15291,01;13687,57;15283,61;12375,92
2005-01-25;15273,26;13673,41;15267,14;12367,97
2005-01-26;15390,21;13743,85;15323,57;12403,21
2005-01-27;15401,24;13761,85;15354,08;12422,99
2005-01-28;15505,73;13831,83;15414,6;12454,36
2005-01-29;15505,73;13831,83;15414,6;12454,36
2005-01-30;15505,73;13831,83;15414,6;12454,36
2005-01-31;15530,86;13847,95;15421,47;12453,73
2005-02-01;15521,72;13840,25;15415,11;12446,73
2005-02-02;15584,71;13881,33;15450,49;12468,73
2005-02-03;15603,93;13893,51;15458,0;12473,15
2005-02-04;15566,27;13872,86;15437,29;12459,61
2005-02-05;15566,27;13872,86;15437,29;12459,61
2005-02-06;15566,27;13872,86;15437,29;12459,61
2005-02-07;15593,87;13892,47;15442,89;12461,76
2005-02-08;15692,58;13962,55;15487,29;12479,18
2005-02-09;15779,19;14012,45;15536,47;12505,47
2005-02-10;15781,64;14020,05;15550,24;12515,14
2005-02-11;15686,74;13965,01;15507,9;12495,95
2005-02-12;15686,74;13965,01;15507,9;12495,95
2005-02-13;15686,74;13965,01;15507,9;12495,95
2005-02-14;15679,85;13956,97;15495,68;12487,0
2005-02-15;15740,51;13990,3;15515,86;12495,7
2005-02-16;15808,02;14030,3;15544,99;12510,86
2005-02-17;15871,84;14070,1;15579,43;12530,02
2005-02-18;15817,79;14040,22;15559,06;12521,48
2005-02-19;15817,79;14040,22;15559,06;12521,48
2005-02-20;15817,79;14040,22;15559,06;12521,48
2005-02-21;15848,17;14057,65;15565,86;12522,9
2005-02-22;15875,59;14076,0;15579,42;12528,46
2005-02-23;15879,01;14080,9;15586,36;12531,77
2005-02-24;15942,89;14124,62;15620,98;12549,95
2005-02-25;15961,93;14143,69;15644,93;12565,82
2005-02-26;15961,93;14143,69;15644,93;12565,82
2005-02-27;15961,93;14143,69;15644,93;12565,82
2005-02-28;16162,17;14261,58;15745,42;12611,51
