A.F.P.,Fecha,Fondo,Valor Cuota ,Valor Fondo 
CAPITAL,2017-03-01,A,"36.774,99 ",2.854.320.822.626 
CUPRUM,2017-03-01,A,"38.806,85 ",3.744.107.919.264 
HABITAT,2017-03-01,A,"39.348,87 ",3.746.014.771.243 
MODELO,2017-03-01,A,"38.579,71 ",402.981.531.689 
PLANVITAL,2017-03-01,A,"36.192,23 ",361.110.650.963 
PROVIDA,2017-03-01,A,"38.271,64 ",3.098.746.050.840 
CAPITAL,2017-03-02,A,"37.135,54 ",2.878.236.059.497 
CUPRUM,2017-03-02,A,"39.172,51 ",3.778.334.862.554 
HABITAT,2017-03-02,A,"39.718,40 ",3.781.292.160.233 
MODELO,2017-03-02,A,"38.932,90 ",406.812.739.898 
PLANVITAL,2017-03-02,A,"36.508,52 ",365.724.168.807 
PROVIDA,2017-03-02,A,"38.618,27 ",3.124.592.219.979 
CAPITAL,2017-03-01,B,"33.276,73 ",3.266.920.415.120 
CUPRUM,2017-03-01,B,"34.911,91 ",2.879.908.418.817 
HABITAT,2017-03-01,B,"35.010,60 ",4.472.220.644.793 
MODELO,2017-03-01,B,"33.590,87 ",1.362.933.401.352 
PLANVITAL,2017-03-01,B,"33.468,43 ",658.857.443.394 
PROVIDA,2017-03-01,B,"32.972,12 ",4.236.068.869.708 
CAPITAL,2017-03-02,B,"33.494,71 ",3.285.695.137.568 
CUPRUM,2017-03-02,B,"35.134,65 ",2.898.212.837.410 
HABITAT,2017-03-02,B,"35.244,51 ",4.501.103.989.345 
MODELO,2017-03-02,B,"33.801,53 ",1.372.260.009.610 
PLANVITAL,2017-03-02,B,"33.671,34 ",664.505.363.091 
PROVIDA,2017-03-02,B,"33.176,30 ",4.260.721.827.054 
CAPITAL,2017-03-01,C,"34.682,09 ",7.723.386.184.321 
CUPRUM,2017-03-01,C,"40.764,53 ",7.504.327.333.698 
HABITAT,2017-03-01,C,"39.728,47 ",11.564.477.292.549 
MODELO,2017-03-01,C,"38.973,59 ",875.501.773.145 
PLANVITAL,2017-03-01,C,"70.555,41 ",1.371.930.762.512 
PROVIDA,2017-03-01,C,"34.386,51 ",12.427.022.835.525 
CAPITAL,2017-03-02,C,"34.809,79 ",7.751.613.901.124 
CUPRUM,2017-03-02,C,"40.911,70 ",7.532.491.112.760 
HABITAT,2017-03-02,C,"39.878,83 ",11.613.099.783.927 
MODELO,2017-03-02,C,"39.100,73 ",877.858.963.385 
PLANVITAL,2017-03-02,C,"70.788,26 ",1.379.162.597.674 
PROVIDA,2017-03-02,C,"34.496,61 ",12.466.823.471.046 
CAPITAL,2017-03-01,D,"30.100,79 ",4.503.745.429.004 
CUPRUM,2017-03-01,D,"31.941,48 ",3.337.535.115.099 
HABITAT,2017-03-01,D,"32.174,39 ",5.027.227.600.813 
MODELO,2017-03-01,D,"30.744,44 ",353.131.248.719 
PLANVITAL,2017-03-01,D,"29.449,22 ",788.329.221.257 
PROVIDA,2017-03-01,D,"29.609,51 ",6.493.189.143.873 
CAPITAL,2017-03-02,D,"30.150,97 ",4.514.773.031.177 
CUPRUM,2017-03-02,D,"31.984,58 ",3.339.539.968.636 
HABITAT,2017-03-02,D,"32.229,22 ",5.034.407.689.097 
MODELO,2017-03-02,D,"30.789,96 ",353.777.898.991 
PLANVITAL,2017-03-02,D,"29.488,72 ",790.645.767.404 
PROVIDA,2017-03-02,D,"29.646,30 ",6.500.919.927.964 
CAPITAL,2017-03-01,E,"37.390,88 ",4.838.003.154.285 
CUPRUM,2017-03-01,E,"39.642,65 ",6.484.137.288.645 
HABITAT,2017-03-01,E,"35.714,86 ",7.483.016.823.542 
MODELO,2017-03-01,E,"39.514,99 ",1.373.476.088.008 
PLANVITAL,2017-03-01,E,"61.506,64 ",869.871.999.254 
PROVIDA,2017-03-01,E,"35.869,00 ",4.427.119.020.252 
CAPITAL,2017-03-02,E,"37.400,55 ",4.842.190.107.823 
CUPRUM,2017-03-02,E,"39.646,79 ",6.481.048.874.440 
HABITAT,2017-03-02,E,"35.726,62 ",7.481.476.570.256 
MODELO,2017-03-02,E,"39.521,97 ",1.374.471.741.953 
PLANVITAL,2017-03-02,E,"61.505,33 ",875.538.504.586 
PROVIDA,2017-03-02,E,"35.859,61 ",4.427.963.355.363 
CAPITAL,2017-03-03,A,"37.160,37 ",2.879.233.575.028 
CUPRUM,2017-03-03,A,"39.206,67 ",3.782.680.642.473 
HABITAT,2017-03-03,A,"39.759,97 ",3.786.881.045.336 
MODELO,2017-03-03,A,"38.979,77 ",407.614.861.121 
PLANVITAL,2017-03-03,A,"36.523,83 ",365.858.650.803 
PROVIDA,2017-03-03,A,"38.653,52 ",3.127.473.244.725 
CAPITAL,2017-03-04,A,"37.160,37 ",2.879.233.575.028 
CUPRUM,2017-03-04,A,"39.206,67 ",3.782.680.642.473 
HABITAT,2017-03-04,A,"39.759,97 ",3.786.881.045.336 
MODELO,2017-03-04,A,"38.979,77 ",407.614.861.121 
PLANVITAL,2017-03-04,A,"36.523,83 ",365.858.650.803 
PROVIDA,2017-03-04,A,"38.653,52 ",3.127.473.244.725 
CAPITAL,2017-03-05,A,"37.160,37 ",2.879.233.575.028 
CUPRUM,2017-03-05,A,"39.206,67 ",3.782.680.642.473 
HABITAT,2017-03-05,A,"39.759,97 ",3.786.881.045.336 
MODELO,2017-03-05,A,"38.979,77 ",407.614.861.121 
PLANVITAL,2017-03-05,A,"36.523,83 ",365.858.650.803 
PROVIDA,2017-03-05,A,"38.653,52 ",3.127.473.244.725 
CAPITAL,2017-03-03,B,"33.531,38 ",3.289.128.291.493 
CUPRUM,2017-03-03,B,"35.165,55 ",2.901.183.296.453 
HABITAT,2017-03-03,B,"35.284,73 ",4.508.248.321.079 
MODELO,2017-03-03,B,"33.849,67 ",1.374.287.034.996 
PLANVITAL,2017-03-03,B,"33.685,80 ",665.042.112.275 
PROVIDA,2017-03-03,B,"33.206,56 ",4.263.893.006.796 
CAPITAL,2017-03-04,B,"33.531,38 ",3.289.128.291.493 
CUPRUM,2017-03-04,B,"35.165,55 ",2.901.183.296.453 
HABITAT,2017-03-04,B,"35.284,73 ",4.508.248.321.079 
MODELO,2017-03-04,B,"33.849,67 ",1.374.287.034.996 
PLANVITAL,2017-03-04,B,"33.685,80 ",665.042.112.275 
PROVIDA,2017-03-04,B,"33.206,56 ",4.263.893.006.796 
CAPITAL,2017-03-05,B,"33.531,38 ",3.289.128.291.493 
CUPRUM,2017-03-05,B,"35.165,55 ",2.901.183.296.453 
HABITAT,2017-03-05,B,"35.284,73 ",4.508.248.321.079 
MODELO,2017-03-05,B,"33.849,67 ",1.374.287.034.996 
PLANVITAL,2017-03-05,B,"33.685,80 ",665.042.112.275 
PROVIDA,2017-03-05,B,"33.206,56 ",4.263.893.006.796 
CAPITAL,2017-03-03,C,"34.835,70 ",7.760.688.768.164 
CUPRUM,2017-03-03,C,"40.941,32 ",7.540.454.456.841 
HABITAT,2017-03-03,C,"39.913,03 ",11.631.736.116.772 
MODELO,2017-03-03,C,"39.150,88 ",879.378.486.757 
PLANVITAL,2017-03-03,C,"70.824,42 ",1.379.836.983.659 
PROVIDA,2017-03-03,C,"34.523,32 ",12.476.118.815.783 
CAPITAL,2017-03-04,C,"34.835,70 ",7.760.688.768.164 
CUPRUM,2017-03-04,C,"40.941,32 ",7.540.454.456.841 
HABITAT,2017-03-04,C,"39.913,03 ",11.631.736.116.772 
MODELO,2017-03-04,C,"39.150,88 ",879.378.486.757 
PLANVITAL,2017-03-04,C,"70.824,42 ",1.379.836.983.659 
PROVIDA,2017-03-04,C,"34.523,32 ",12.476.118.815.783 
CAPITAL,2017-03-05,C,"34.835,70 ",7.760.688.768.164 
CUPRUM,2017-03-05,C,"40.941,32 ",7.540.454.456.841 
HABITAT,2017-03-05,C,"39.913,03 ",11.631.736.116.772 
MODELO,2017-03-05,C,"39.150,88 ",879.378.486.757 
PLANVITAL,2017-03-05,C,"70.824,42 ",1.379.836.983.659 
PROVIDA,2017-03-05,C,"34.523,32 ",12.476.118.815.783 
CAPITAL,2017-03-03,D,"30.158,93 ",4.516.535.681.619 
CUPRUM,2017-03-03,D,"31.994,86 ",3.341.327.174.628 
HABITAT,2017-03-03,D,"32.241,91 ",5.036.461.014.774 
MODELO,2017-03-03,D,"30.814,66 ",354.139.635.648 
PLANVITAL,2017-03-03,D,"29.489,11 ",790.626.569.037 
PROVIDA,2017-03-03,D,"29.655,13 ",6.501.320.983.890 
CAPITAL,2017-03-04,D,"30.158,93 ",4.516.535.681.619 
CUPRUM,2017-03-04,D,"31.994,86 ",3.341.327.174.628 
HABITAT,2017-03-04,D,"32.241,91 ",5.036.461.014.774 
MODELO,2017-03-04,D,"30.814,66 ",354.139.635.648 
PLANVITAL,2017-03-04,D,"29.489,11 ",790.626.569.037 
PROVIDA,2017-03-04,D,"29.655,13 ",6.501.320.983.890 
CAPITAL,2017-03-05,D,"30.158,93 ",4.516.535.681.619 
CUPRUM,2017-03-05,D,"31.994,86 ",3.341.327.174.628 
HABITAT,2017-03-05,D,"32.241,91 ",5.036.461.014.774 
MODELO,2017-03-05,D,"30.814,66 ",354.139.635.648 
PLANVITAL,2017-03-05,D,"29.489,11 ",790.626.569.037 
PROVIDA,2017-03-05,D,"29.655,13 ",6.501.320.983.890 
CAPITAL,2017-03-03,E,"37.405,43 ",4.839.642.466.237 
CUPRUM,2017-03-03,E,"39.645,26 ",6.475.910.932.760 
HABITAT,2017-03-03,E,"35.730,55 ",7.469.624.535.066 
MODELO,2017-03-03,E,"39.538,37 ",1.374.652.873.821 
PLANVITAL,2017-03-03,E,"61.510,62 ",875.629.967.051 
PROVIDA,2017-03-03,E,"35.858,93 ",4.427.803.796.280 
CAPITAL,2017-03-04,E,"37.405,43 ",4.839.642.466.237 
CUPRUM,2017-03-04,E,"39.645,26 ",6.475.910.932.760 
HABITAT,2017-03-04,E,"35.730,55 ",7.469.624.535.066 
MODELO,2017-03-04,E,"39.538,37 ",1.374.652.873.821 
PLANVITAL,2017-03-04,E,"61.510,62 ",875.629.967.051 
PROVIDA,2017-03-04,E,"35.858,93 ",4.427.803.796.280 
CAPITAL,2017-03-05,E,"37.405,43 ",4.839.642.466.237 
CUPRUM,2017-03-05,E,"39.645,26 ",6.475.910.932.760 
HABITAT,2017-03-05,E,"35.730,55 ",7.469.624.535.066 
MODELO,2017-03-05,E,"39.538,37 ",1.374.652.873.821 
PLANVITAL,2017-03-05,E,"61.510,62 ",875.629.967.051 
PROVIDA,2017-03-05,E,"35.858,93 ",4.427.803.796.280 
CAPITAL,2017-03-06,A,"37.251,18 ",2.886.126.553.964 
CUPRUM,2017-03-06,A,"39.293,30 ",3.790.977.701.182 
HABITAT,2017-03-06,A,"39.834,62 ",3.793.868.739.944 
MODELO,2017-03-06,A,"39.050,11 ",408.747.381.905 
PLANVITAL,2017-03-06,A,"36.602,65 ",366.714.181.340 
PROVIDA,2017-03-06,A,"38.742,58 ",3.134.598.527.490 
CAPITAL,2017-03-06,B,"33.590,87 ",3.295.234.775.864 
CUPRUM,2017-03-06,B,"35.224,37 ",2.905.879.263.314 
HABITAT,2017-03-06,B,"35.330,78 ",4.514.174.312.330 
MODELO,2017-03-06,B,"33.890,35 ",1.376.178.767.825 
PLANVITAL,2017-03-06,B,"33.745,38 ",666.413.029.541 
PROVIDA,2017-03-06,B,"33.264,74 ",4.271.249.426.353 
CAPITAL,2017-03-06,C,"34.889,95 ",7.773.396.864.572 
CUPRUM,2017-03-06,C,"41.001,41 ",7.556.051.793.918 
HABITAT,2017-03-06,C,"39.962,41 ",11.650.590.480.583 
MODELO,2017-03-06,C,"39.189,48 ",881.240.455.928 
PLANVITAL,2017-03-06,C,"70.932,35 ",1.382.154.071.164 
PROVIDA,2017-03-06,C,"34.576,29 ",12.496.116.317.412 
CAPITAL,2017-03-06,D,"30.196,57 ",4.521.742.297.664 
CUPRUM,2017-03-06,D,"32.026,94 ",3.344.063.250.530 
HABITAT,2017-03-06,D,"32.281,31 ",5.041.957.817.956 
MODELO,2017-03-06,D,"30.844,84 ",354.427.808.205 
PLANVITAL,2017-03-06,D,"29.525,61 ",791.673.070.464 
PROVIDA,2017-03-06,D,"29.695,65 ",6.510.468.254.505 
CAPITAL,2017-03-06,E,"37.424,49 ",4.840.700.570.484 
CUPRUM,2017-03-06,E,"39.661,89 ",6.476.301.223.750 
HABITAT,2017-03-06,E,"35.750,64 ",7.466.333.736.787 
MODELO,2017-03-06,E,"39.562,41 ",1.374.726.351.364 
PLANVITAL,2017-03-06,E,"61.538,45 ",875.858.485.093 
PROVIDA,2017-03-06,E,"35.889,22 ",4.431.131.429.801 
CAPITAL,2017-03-07,A,"37.433,73 ",2.899.248.109.073 
CUPRUM,2017-03-07,A,"39.485,70 ",3.811.834.084.994 
HABITAT,2017-03-07,A,"40.033,49 ",3.818.337.617.245 
MODELO,2017-03-07,A,"39.232,99 ",411.504.136.266 
PLANVITAL,2017-03-07,A,"36.788,98 ",368.781.917.780 
PROVIDA,2017-03-07,A,"38.933,36 ",3.150.735.294.128 
CAPITAL,2017-03-08,A,"37.495,48 ",2.904.432.142.545 
CUPRUM,2017-03-08,A,"39.548,30 ",3.817.040.568.423 
HABITAT,2017-03-08,A,"40.086,80 ",3.824.320.194.976 
MODELO,2017-03-08,A,"39.300,43 ",412.895.501.429 
PLANVITAL,2017-03-08,A,"36.845,74 ",369.905.987.725 
PROVIDA,2017-03-08,A,"38.997,64 ",3.155.636.722.366 
CAPITAL,2017-03-07,B,"33.721,40 ",3.307.784.093.591 
CUPRUM,2017-03-07,B,"35.358,17 ",2.917.295.674.056 
HABITAT,2017-03-07,B,"35.469,82 ",4.533.752.767.211 
MODELO,2017-03-07,B,"34.018,08 ",1.381.693.844.154 
PLANVITAL,2017-03-07,B,"33.872,04 ",669.088.767.242 
PROVIDA,2017-03-07,B,"33.392,29 ",4.287.996.363.538 
CAPITAL,2017-03-08,B,"33.761,24 ",3.311.252.959.828 
CUPRUM,2017-03-08,B,"35.402,92 ",2.919.347.004.994 
HABITAT,2017-03-08,B,"35.507,84 ",4.538.638.154.546 
MODELO,2017-03-08,B,"34.069,14 ",1.384.246.501.487 
PLANVITAL,2017-03-08,B,"33.911,10 ",670.283.787.432 
PROVIDA,2017-03-08,B,"33.436,12 ",4.293.307.993.646 
CAPITAL,2017-03-07,C,"34.986,45 ",7.795.283.794.423 
CUPRUM,2017-03-07,C,"41.110,97 ",7.578.398.146.179 
HABITAT,2017-03-07,C,"40.077,21 ",11.687.688.260.501 
MODELO,2017-03-07,C,"39.288,56 ",883.749.767.862 
PLANVITAL,2017-03-07,C,"71.118,58 ",1.386.081.577.868 
PROVIDA,2017-03-07,C,"34.668,53 ",12.530.313.157.654 
CAPITAL,2017-03-08,C,"35.013,10 ",7.804.454.715.975 
CUPRUM,2017-03-08,C,"41.138,61 ",7.592.293.368.988 
HABITAT,2017-03-08,C,"40.098,86 ",11.702.313.760.197 
MODELO,2017-03-08,C,"39.335,38 ",885.022.918.776 
PLANVITAL,2017-03-08,C,"71.169,06 ",1.387.246.365.056 
PROVIDA,2017-03-08,C,"34.706,24 ",12.545.956.743.021 
CAPITAL,2017-03-07,D,"30.227,52 ",4.525.793.500.504 
CUPRUM,2017-03-07,D,"32.056,00 ",3.347.180.401.251 
HABITAT,2017-03-07,D,"32.319,61 ",5.046.427.024.882 
MODELO,2017-03-07,D,"30.871,12 ",354.878.413.397 
PLANVITAL,2017-03-07,D,"29.548,41 ",792.297.843.280 
PROVIDA,2017-03-07,D,"29.720,00 ",6.517.132.618.480 
CAPITAL,2017-03-08,D,"30.221,54 ",4.524.598.947.307 
CUPRUM,2017-03-08,D,"32.052,25 ",3.345.024.896.665 
HABITAT,2017-03-08,D,"32.309,23 ",5.043.949.185.198 
MODELO,2017-03-08,D,"30.885,25 ",355.031.272.720 
PLANVITAL,2017-03-08,D,"29.541,53 ",791.818.018.837 
PROVIDA,2017-03-08,D,"29.724,20 ",6.517.385.251.184 
CAPITAL,2017-03-07,E,"37.426,83 ",4.842.003.428.949 
CUPRUM,2017-03-07,E,"39.657,47 ",6.471.424.128.729 
HABITAT,2017-03-07,E,"35.754,67 ",7.457.664.080.205 
MODELO,2017-03-07,E,"39.560,88 ",1.373.699.191.926 
PLANVITAL,2017-03-07,E,"61.529,86 ",875.590.581.161 
PROVIDA,2017-03-07,E,"35.879,51 ",4.430.079.086.096 
CAPITAL,2017-03-08,E,"37.410,11 ",4.838.560.889.047 
CUPRUM,2017-03-08,E,"39.637,75 ",6.461.079.299.029 
HABITAT,2017-03-08,E,"35.737,45 ",7.447.557.289.379 
MODELO,2017-03-08,E,"39.567,57 ",1.373.749.961.231 
PLANVITAL,2017-03-08,E,"61.496,32 ",874.425.765.131 
PROVIDA,2017-03-08,E,"35.862,92 ",4.427.662.073.035 
CAPITAL,2017-03-09,A,"37.477,19 ",2.906.638.910.057 
CUPRUM,2017-03-09,A,"39.536,20 ",3.817.677.038.601 
HABITAT,2017-03-09,A,"40.077,28 ",3.826.736.181.450 
MODELO,2017-03-09,A,"39.278,46 ",413.715.616.881 
PLANVITAL,2017-03-09,A,"36.822,63 ",369.752.278.619 
PROVIDA,2017-03-09,A,"38.980,16 ",3.155.378.480.418 
CAPITAL,2017-03-09,B,"33.749,70 ",3.311.397.271.349 
CUPRUM,2017-03-09,B,"35.392,52 ",2.919.669.273.661 
HABITAT,2017-03-09,B,"35.502,17 ",4.540.846.703.014 
MODELO,2017-03-09,B,"34.057,09 ",1.385.150.116.338 
PLANVITAL,2017-03-09,B,"33.893,26 ",670.315.750.701 
PROVIDA,2017-03-09,B,"33.422,00 ",4.292.631.549.612 
CAPITAL,2017-03-09,C,"34.993,80 ",7.804.781.661.031 
CUPRUM,2017-03-09,C,"41.118,08 ",7.594.784.853.577 
HABITAT,2017-03-09,C,"40.080,76 ",11.702.020.550.167 
MODELO,2017-03-09,C,"39.308,98 ",885.529.053.482 
PLANVITAL,2017-03-09,C,"71.123,18 ",1.386.004.757.723 
PROVIDA,2017-03-09,C,"34.683,08 ",12.538.594.095.392 
CAPITAL,2017-03-09,D,"30.197,38 ",4.520.453.881.448 
CUPRUM,2017-03-09,D,"32.032,06 ",3.342.188.768.503 
HABITAT,2017-03-09,D,"32.280,96 ",5.039.057.890.762 
MODELO,2017-03-09,D,"30.856,28 ",354.623.546.923 
PLANVITAL,2017-03-09,D,"29.515,40 ",790.365.617.113 
PROVIDA,2017-03-09,D,"29.700,68 ",6.507.789.308.424 
CAPITAL,2017-03-09,E,"37.398,08 ",4.830.070.799.148 
CUPRUM,2017-03-09,E,"39.625,90 ",6.451.812.734.306 
HABITAT,2017-03-09,E,"35.722,99 ",7.434.331.643.645 
MODELO,2017-03-09,E,"39.551,96 ",1.371.974.754.025 
PLANVITAL,2017-03-09,E,"61.471,99 ",873.671.594.659 
PROVIDA,2017-03-09,E,"35.846,70 ",4.423.268.517.503 
CAPITAL,2017-03-10,A,"37.500,62 ",2.912.119.622.456 
CUPRUM,2017-03-10,A,"39.578,77 ",3.824.400.700.557 
HABITAT,2017-03-10,A,"40.116,78 ",3.833.670.753.359 
MODELO,2017-03-10,A,"39.326,21 ",415.351.753.145 
PLANVITAL,2017-03-10,A,"36.865,66 ",370.577.756.144 
PROVIDA,2017-03-10,A,"39.018,82 ",3.159.197.650.299 
CAPITAL,2017-03-11,A,"37.500,62 ",2.912.119.622.456 
CUPRUM,2017-03-11,A,"39.578,77 ",3.824.400.700.557 
HABITAT,2017-03-11,A,"40.116,78 ",3.833.670.753.359 
MODELO,2017-03-11,A,"39.326,21 ",415.351.753.145 
PLANVITAL,2017-03-11,A,"36.865,66 ",370.577.756.144 
PROVIDA,2017-03-11,A,"39.018,82 ",3.159.197.650.299 
CAPITAL,2017-03-12,A,"37.500,62 ",2.912.119.622.456 
CUPRUM,2017-03-12,A,"39.578,77 ",3.824.400.700.557 
HABITAT,2017-03-12,A,"40.116,78 ",3.833.670.753.359 
MODELO,2017-03-12,A,"39.326,21 ",415.351.753.145 
PLANVITAL,2017-03-12,A,"36.865,66 ",370.577.756.144 
PROVIDA,2017-03-12,A,"39.018,82 ",3.159.197.650.299 
CAPITAL,2017-03-10,B,"33.744,67 ",3.312.092.051.943 
CUPRUM,2017-03-10,B,"35.397,03 ",2.921.831.257.124 
HABITAT,2017-03-10,B,"35.507,17 ",4.543.943.820.366 
MODELO,2017-03-10,B,"34.063,70 ",1.386.916.067.946 
PLANVITAL,2017-03-10,B,"33.900,52 ",671.340.161.718 
PROVIDA,2017-03-10,B,"33.418,21 ",4.292.536.346.937 
CAPITAL,2017-03-11,B,"33.744,67 ",3.312.092.051.943 
CUPRUM,2017-03-11,B,"35.397,03 ",2.921.831.257.124 
HABITAT,2017-03-11,B,"35.507,17 ",4.543.943.820.366 
MODELO,2017-03-11,B,"34.063,70 ",1.386.916.067.946 
PLANVITAL,2017-03-11,B,"33.900,52 ",671.340.161.718 
PROVIDA,2017-03-11,B,"33.418,21 ",4.292.536.346.937 
CAPITAL,2017-03-12,B,"33.744,67 ",3.312.092.051.943 
CUPRUM,2017-03-12,B,"35.397,03 ",2.921.831.257.124 
HABITAT,2017-03-12,B,"35.507,17 ",4.543.943.820.366 
MODELO,2017-03-12,B,"34.063,70 ",1.386.916.067.946 
PLANVITAL,2017-03-12,B,"33.900,52 ",671.340.161.718 
PROVIDA,2017-03-12,B,"33.418,21 ",4.292.536.346.937 
CAPITAL,2017-03-10,C,"34.959,83 ",7.800.258.513.278 
CUPRUM,2017-03-10,C,"41.085,77 ",7.593.436.900.297 
HABITAT,2017-03-10,C,"40.048,88 ",11.696.560.935.876 
MODELO,2017-03-10,C,"39.289,31 ",885.750.839.034 
PLANVITAL,2017-03-10,C,"71.075,42 ",1.385.566.927.086 
PROVIDA,2017-03-10,C,"34.653,73 ",12.530.197.051.877 
CAPITAL,2017-03-11,C,"34.959,83 ",7.800.258.513.278 
CUPRUM,2017-03-11,C,"41.085,77 ",7.593.436.900.297 
HABITAT,2017-03-11,C,"40.048,88 ",11.696.560.935.876 
MODELO,2017-03-11,C,"39.289,31 ",885.750.839.034 
PLANVITAL,2017-03-11,C,"71.075,42 ",1.385.566.927.086 
PROVIDA,2017-03-11,C,"34.653,73 ",12.530.197.051.877 
CAPITAL,2017-03-12,C,"34.959,83 ",7.800.258.513.278 
CUPRUM,2017-03-12,C,"41.085,77 ",7.593.436.900.297 
HABITAT,2017-03-12,C,"40.048,88 ",11.696.560.935.876 
MODELO,2017-03-12,C,"39.289,31 ",885.750.839.034 
PLANVITAL,2017-03-12,C,"71.075,42 ",1.385.566.927.086 
PROVIDA,2017-03-12,C,"34.653,73 ",12.530.197.051.877 
CAPITAL,2017-03-10,D,"30.148,51 ",4.512.157.138.381 
CUPRUM,2017-03-10,D,"31.983,94 ",3.336.980.435.925 
HABITAT,2017-03-10,D,"32.237,56 ",5.020.539.760.517 
MODELO,2017-03-10,D,"30.824,09 ",354.304.150.688 
PLANVITAL,2017-03-10,D,"29.478,53 ",789.493.526.425 
PROVIDA,2017-03-10,D,"29.658,41 ",6.496.413.057.485 
CAPITAL,2017-03-11,D,"30.148,51 ",4.512.157.138.381 
CUPRUM,2017-03-11,D,"31.983,94 ",3.336.980.435.925 
HABITAT,2017-03-11,D,"32.237,56 ",5.020.539.760.517 
MODELO,2017-03-11,D,"30.824,09 ",354.304.150.688 
PLANVITAL,2017-03-11,D,"29.478,53 ",789.493.526.425 
PROVIDA,2017-03-11,D,"29.658,41 ",6.496.413.057.485 
CAPITAL,2017-03-12,D,"30.148,51 ",4.512.157.138.381 
CUPRUM,2017-03-12,D,"31.983,94 ",3.336.980.435.925 
HABITAT,2017-03-12,D,"32.237,56 ",5.020.539.760.517 
MODELO,2017-03-12,D,"30.824,09 ",354.304.150.688 
PLANVITAL,2017-03-12,D,"29.478,53 ",789.493.526.425 
PROVIDA,2017-03-12,D,"29.658,41 ",6.496.413.057.485 
CAPITAL,2017-03-10,E,"37.334,02 ",4.814.863.886.673 
CUPRUM,2017-03-10,E,"39.553,90 ",6.435.007.932.583 
HABITAT,2017-03-10,E,"35.669,07 ",7.407.665.240.967 
MODELO,2017-03-10,E,"39.519,81 ",1.370.133.193.934 
PLANVITAL,2017-03-10,E,"61.376,46 ",872.296.644.912 
PROVIDA,2017-03-10,E,"35.785,22 ",4.415.986.326.602 
CAPITAL,2017-03-11,E,"37.334,02 ",4.814.863.886.673 
CUPRUM,2017-03-11,E,"39.553,90 ",6.435.007.932.583 
HABITAT,2017-03-11,E,"35.669,07 ",7.407.665.240.967 
MODELO,2017-03-11,E,"39.519,81 ",1.370.133.193.934 
PLANVITAL,2017-03-11,E,"61.376,46 ",872.296.644.912 
PROVIDA,2017-03-11,E,"35.785,22 ",4.415.986.326.602 
CAPITAL,2017-03-12,E,"37.334,02 ",4.814.863.886.673 
CUPRUM,2017-03-12,E,"39.553,90 ",6.435.007.932.583 
HABITAT,2017-03-12,E,"35.669,07 ",7.407.665.240.967 
MODELO,2017-03-12,E,"39.519,81 ",1.370.133.193.934 
PLANVITAL,2017-03-12,E,"61.376,46 ",872.296.644.912 
PROVIDA,2017-03-12,E,"35.785,22 ",4.415.986.326.602 
CAPITAL,2017-03-13,A,"37.595,18 ",2.922.980.514.882 
CUPRUM,2017-03-13,A,"39.677,97 ",3.835.174.364.249 
HABITAT,2017-03-13,A,"40.214,33 ",3.845.104.134.281 
MODELO,2017-03-13,A,"39.429,82 ",417.559.060.146 
PLANVITAL,2017-03-13,A,"36.956,95 ",371.607.733.228 
PROVIDA,2017-03-13,A,"39.126,18 ",3.170.417.337.530 
CAPITAL,2017-03-13,B,"33.790,64 ",3.319.127.638.952 
CUPRUM,2017-03-13,B,"35.443,79 ",2.926.760.113.035 
HABITAT,2017-03-13,B,"35.553,72 ",4.551.634.066.693 
MODELO,2017-03-13,B,"34.115,97 ",1.392.436.439.258 
PLANVITAL,2017-03-13,B,"33.949,18 ",673.356.128.730 
PROVIDA,2017-03-13,B,"33.469,44 ",4.301.638.133.335 
CAPITAL,2017-03-13,C,"34.978,75 ",7.809.140.955.857 
CUPRUM,2017-03-13,C,"41.109,32 ",7.597.649.770.586 
HABITAT,2017-03-13,C,"40.070,86 ",11.709.128.763.544 
MODELO,2017-03-13,C,"39.320,18 ",887.939.325.357 
PLANVITAL,2017-03-13,C,"71.117,57 ",1.386.360.411.472 
PROVIDA,2017-03-13,C,"34.674,10 ",12.540.978.015.498 
CAPITAL,2017-03-13,D,"30.141,71 ",4.510.632.857.703 
CUPRUM,2017-03-13,D,"31.979,83 ",3.331.608.924.786 
HABITAT,2017-03-13,D,"32.235,27 ",5.019.321.094.386 
MODELO,2017-03-13,D,"30.829,56 ",354.841.278.814 
PLANVITAL,2017-03-13,D,"29.473,63 ",786.661.738.270 
PROVIDA,2017-03-13,D,"29.651,79 ",6.489.412.892.716 
CAPITAL,2017-03-13,E,"37.288,92 ",4.806.747.863.427 
CUPRUM,2017-03-13,E,"39.508,10 ",6.424.771.877.238 
HABITAT,2017-03-13,E,"35.631,11 ",7.400.537.188.122 
MODELO,2017-03-13,E,"39.498,92 ",1.370.029.136.729 
PLANVITAL,2017-03-13,E,"61.317,86 ",871.546.290.172 
PROVIDA,2017-03-13,E,"35.742,03 ",4.407.852.830.838 
CAPITAL,2017-03-14,A,"37.838,93 ",2.947.980.649.508 
CUPRUM,2017-03-14,A,"39.929,41 ",3.866.989.600.764 
HABITAT,2017-03-14,A,"40.466,69 ",3.876.198.510.204 
MODELO,2017-03-14,A,"39.672,46 ",421.229.892.740 
PLANVITAL,2017-03-14,A,"37.206,02 ",374.507.185.318 
PROVIDA,2017-03-14,A,"39.372,63 ",3.194.135.092.118 
CAPITAL,2017-03-14,B,"33.960,91 ",3.341.411.954.276 
CUPRUM,2017-03-14,B,"35.622,52 ",2.946.959.608.669 
HABITAT,2017-03-14,B,"35.735,17 ",4.581.501.005.475 
MODELO,2017-03-14,B,"34.279,78 ",1.407.703.714.375 
PLANVITAL,2017-03-14,B,"34.126,52 ",680.305.127.326 
PROVIDA,2017-03-14,B,"33.632,25 ",4.329.112.542.337 
CAPITAL,2017-03-14,C,"35.090,18 ",7.838.192.028.469 
CUPRUM,2017-03-14,C,"41.236,27 ",7.629.931.985.607 
HABITAT,2017-03-14,C,"40.199,96 ",11.760.135.329.650 
MODELO,2017-03-14,C,"39.441,94 ",893.311.439.827 
PLANVITAL,2017-03-14,C,"71.360,33 ",1.392.726.940.854 
PROVIDA,2017-03-14,C,"34.782,75 ",12.591.776.467.925 
CAPITAL,2017-03-14,D,"30.169,86 ",4.506.434.084.845 
CUPRUM,2017-03-14,D,"32.007,93 ",3.336.685.252.396 
HABITAT,2017-03-14,D,"32.264,55 ",5.025.688.798.514 
MODELO,2017-03-14,D,"30.858,87 ",356.428.948.764 
PLANVITAL,2017-03-14,D,"29.500,91 ",787.656.502.327 
PROVIDA,2017-03-14,D,"29.679,23 ",6.494.881.558.281 
CAPITAL,2017-03-14,E,"37.278,37 ",4.803.228.357.718 
CUPRUM,2017-03-14,E,"39.496,63 ",6.428.839.376.746 
HABITAT,2017-03-14,E,"35.616,47 ",7.400.784.133.331 
MODELO,2017-03-14,E,"39.500,53 ",1.372.291.710.829 
PLANVITAL,2017-03-14,E,"61.292,47 ",872.473.106.644 
PROVIDA,2017-03-14,E,"35.726,25 ",4.409.449.116.117 
CAPITAL,2017-03-15,A,"37.979,29 ",2.963.452.401.686 
CUPRUM,2017-03-15,A,"40.103,38 ",3.885.387.814.053 
HABITAT,2017-03-15,A,"40.643,81 ",3.901.460.968.696 
MODELO,2017-03-15,A,"39.809,90 ",428.774.226.419 
PLANVITAL,2017-03-15,A,"37.330,02 ",375.226.359.592 
PROVIDA,2017-03-15,A,"39.510,94 ",3.202.082.285.675 
CAPITAL,2017-03-16,A,"38.213,84 ",2.987.045.182.621 
CUPRUM,2017-03-16,A,"40.355,77 ",3.912.029.775.636 
HABITAT,2017-03-16,A,"40.893,31 ",3.929.476.952.772 
MODELO,2017-03-16,A,"40.054,38 ",432.561.055.465 
PLANVITAL,2017-03-16,A,"37.583,15 ",379.396.690.750 
PROVIDA,2017-03-16,A,"39.758,49 ",3.223.021.424.844 
CAPITAL,2017-03-15,B,"34.035,88 ",3.354.439.142.996 
CUPRUM,2017-03-15,B,"35.726,12 ",2.957.144.996.648 
HABITAT,2017-03-15,B,"35.826,78 ",4.602.700.521.589 
MODELO,2017-03-15,B,"34.354,40 ",1.421.098.648.620 
PLANVITAL,2017-03-15,B,"34.202,37 ",688.599.739.829 
PROVIDA,2017-03-15,B,"33.700,39 ",4.339.415.885.224 
CAPITAL,2017-03-16,B,"34.174,15 ",3.371.131.640.145 
CUPRUM,2017-03-16,B,"35.881,74 ",2.971.353.578.678 
HABITAT,2017-03-16,B,"35.970,70 ",4.622.506.873.324 
MODELO,2017-03-16,B,"34.498,37 ",1.429.096.709.850 
PLANVITAL,2017-03-16,B,"34.364,93 ",693.368.786.811 
PROVIDA,2017-03-16,B,"33.844,07 ",4.358.598.198.672 
CAPITAL,2017-03-15,C,"35.115,07 ",7.862.631.502.346 
CUPRUM,2017-03-15,C,"41.272,02 ",7.647.966.070.467 
HABITAT,2017-03-15,C,"40.233,12 ",11.802.247.967.884 
MODELO,2017-03-15,C,"39.467,03 ",908.373.980.789 
PLANVITAL,2017-03-15,C,"71.384,86 ",1.395.374.028.158 
PROVIDA,2017-03-15,C,"34.796,47 ",12.604.944.268.910 
CAPITAL,2017-03-16,C,"35.196,83 ",7.883.039.909.078 
CUPRUM,2017-03-16,C,"41.361,57 ",7.667.466.008.360 
HABITAT,2017-03-16,C,"40.318,64 ",11.830.499.450.220 
MODELO,2017-03-16,C,"39.547,51 ",914.627.471.522 
PLANVITAL,2017-03-16,C,"71.544,79 ",1.398.849.292.089 
PROVIDA,2017-03-16,C,"34.872,10 ",12.631.363.247.268 
CAPITAL,2017-03-15,D,"30.149,60 ",4.506.067.474.080 
CUPRUM,2017-03-15,D,"31.981,95 ",3.332.765.272.516 
HABITAT,2017-03-15,D,"32.240,47 ",5.028.463.871.779 
MODELO,2017-03-15,D,"30.836,01 ",360.678.479.306 
PLANVITAL,2017-03-15,D,"29.459,29 ",786.730.379.051 
PROVIDA,2017-03-15,D,"29.639,96 ",6.486.772.855.644 
CAPITAL,2017-03-16,D,"30.182,13 ",4.508.044.927.957 
CUPRUM,2017-03-16,D,"32.022,57 ",3.336.245.373.973 
HABITAT,2017-03-16,D,"32.270,55 ",5.030.068.837.414 
MODELO,2017-03-16,D,"30.864,42 ",360.989.756.887 
PLANVITAL,2017-03-16,D,"29.491,42 ",788.167.607.223 
PROVIDA,2017-03-16,D,"29.671,67 ",6.487.258.519.490 
CAPITAL,2017-03-15,E,"37.206,69 ",4.795.467.646.024 
CUPRUM,2017-03-15,E,"39.419,29 ",6.402.478.433.591 
HABITAT,2017-03-15,E,"35.553,61 ",7.394.339.867.764 
MODELO,2017-03-15,E,"39.464,45 ",1.399.124.007.862 
PLANVITAL,2017-03-15,E,"61.157,75 ",865.862.494.868 
PROVIDA,2017-03-15,E,"35.650,47 ",4.390.326.114.141 
CAPITAL,2017-03-16,E,"37.192,56 ",4.785.378.456.413 
CUPRUM,2017-03-16,E,"39.405,49 ",6.392.758.835.171 
HABITAT,2017-03-16,E,"35.540,15 ",7.377.170.243.315 
MODELO,2017-03-16,E,"39.460,62 ",1.397.797.357.347 
PLANVITAL,2017-03-16,E,"61.151,94 ",870.085.249.587 
PROVIDA,2017-03-16,E,"35.637,00 ",4.385.333.813.780 
CAPITAL,2017-03-17,A,"38.196,09 ",2.994.699.101.704 
CUPRUM,2017-03-17,A,"40.318,83 ",3.910.697.590.170 
HABITAT,2017-03-17,A,"40.866,64 ",3.933.052.855.895 
MODELO,2017-03-17,A,"40.024,39 ",433.460.236.256 
PLANVITAL,2017-03-17,A,"37.547,64 ",379.309.722.075 
PROVIDA,2017-03-17,A,"39.733,90 ",3.222.120.503.563 
CAPITAL,2017-03-18,A,"38.196,09 ",2.994.699.101.704 
CUPRUM,2017-03-18,A,"40.318,83 ",3.910.697.590.170 
HABITAT,2017-03-18,A,"40.866,64 ",3.933.052.855.895 
MODELO,2017-03-18,A,"40.024,39 ",433.460.236.256 
PLANVITAL,2017-03-18,A,"37.547,64 ",379.309.722.075 
PROVIDA,2017-03-18,A,"39.733,90 ",3.222.120.503.563 
CAPITAL,2017-03-19,A,"38.196,09 ",2.994.699.101.704 
CUPRUM,2017-03-19,A,"40.318,83 ",3.910.697.590.170 
HABITAT,2017-03-19,A,"40.866,64 ",3.933.052.855.895 
MODELO,2017-03-19,A,"40.024,39 ",433.460.236.256 
PLANVITAL,2017-03-19,A,"37.547,64 ",379.309.722.075 
PROVIDA,2017-03-19,A,"39.733,90 ",3.222.120.503.563 
CAPITAL,2017-03-17,B,"34.212,61 ",3.380.263.694.980 
CUPRUM,2017-03-17,B,"35.905,39 ",2.975.503.619.126 
HABITAT,2017-03-17,B,"35.996,15 ",4.629.231.220.822 
MODELO,2017-03-17,B,"34.524,16 ",1.430.531.582.146 
PLANVITAL,2017-03-17,B,"34.371,87 ",694.194.880.535 
PROVIDA,2017-03-17,B,"33.879,24 ",4.364.148.948.554 
CAPITAL,2017-03-18,B,"34.212,61 ",3.380.263.694.980 
CUPRUM,2017-03-18,B,"35.905,39 ",2.975.503.619.126 
HABITAT,2017-03-18,B,"35.996,15 ",4.629.231.220.822 
MODELO,2017-03-18,B,"34.524,16 ",1.430.531.582.146 
PLANVITAL,2017-03-18,B,"34.371,87 ",694.194.880.535 
PROVIDA,2017-03-18,B,"33.879,24 ",4.364.148.948.554 
CAPITAL,2017-03-19,B,"34.212,61 ",3.380.263.694.980 
CUPRUM,2017-03-19,B,"35.905,39 ",2.975.503.619.126 
HABITAT,2017-03-19,B,"35.996,15 ",4.629.231.220.822 
MODELO,2017-03-19,B,"34.524,16 ",1.430.531.582.146 
PLANVITAL,2017-03-19,B,"34.371,87 ",694.194.880.535 
PROVIDA,2017-03-19,B,"33.879,24 ",4.364.148.948.554 
CAPITAL,2017-03-17,C,"35.263,54 ",7.896.312.450.810 
CUPRUM,2017-03-17,C,"41.434,55 ",7.684.170.376.306 
HABITAT,2017-03-17,C,"40.387,74 ",11.851.389.974.518 
MODELO,2017-03-17,C,"39.610,22 ",915.577.914.252 
PLANVITAL,2017-03-17,C,"71.626,82 ",1.400.052.396.048 
PROVIDA,2017-03-17,C,"34.942,30 ",12.655.475.050.838 
CAPITAL,2017-03-18,C,"35.263,54 ",7.896.312.450.810 
CUPRUM,2017-03-18,C,"41.434,55 ",7.684.170.376.306 
HABITAT,2017-03-18,C,"40.387,74 ",11.851.389.974.518 
MODELO,2017-03-18,C,"39.610,22 ",915.577.914.252 
PLANVITAL,2017-03-18,C,"71.626,82 ",1.400.052.396.048 
PROVIDA,2017-03-18,C,"34.942,30 ",12.655.475.050.838 
CAPITAL,2017-03-19,C,"35.263,54 ",7.896.312.450.810 
CUPRUM,2017-03-19,C,"41.434,55 ",7.684.170.376.306 
HABITAT,2017-03-19,C,"40.387,74 ",11.851.389.974.518 
MODELO,2017-03-19,C,"39.610,22 ",915.577.914.252 
PLANVITAL,2017-03-19,C,"71.626,82 ",1.400.052.396.048 
PROVIDA,2017-03-19,C,"34.942,30 ",12.655.475.050.838 
CAPITAL,2017-03-17,D,"30.254,54 ",4.517.997.508.943 
CUPRUM,2017-03-17,D,"32.094,35 ",3.343.016.940.088 
HABITAT,2017-03-17,D,"32.340,08 ",5.040.351.386.785 
MODELO,2017-03-17,D,"30.922,52 ",361.109.736.578 
PLANVITAL,2017-03-17,D,"29.543,85 ",789.257.448.612 
PROVIDA,2017-03-17,D,"29.750,50 ",6.503.803.774.431 
CAPITAL,2017-03-18,D,"30.254,54 ",4.517.997.508.943 
CUPRUM,2017-03-18,D,"32.094,35 ",3.343.016.940.088 
HABITAT,2017-03-18,D,"32.340,08 ",5.040.351.386.785 
MODELO,2017-03-18,D,"30.922,52 ",361.109.736.578 
PLANVITAL,2017-03-18,D,"29.543,85 ",789.257.448.612 
PROVIDA,2017-03-18,D,"29.750,50 ",6.503.803.774.431 
CAPITAL,2017-03-19,D,"30.254,54 ",4.517.997.508.943 
CUPRUM,2017-03-19,D,"32.094,35 ",3.343.016.940.088 
HABITAT,2017-03-19,D,"32.340,08 ",5.040.351.386.785 
MODELO,2017-03-19,D,"30.922,52 ",361.109.736.578 
PLANVITAL,2017-03-19,D,"29.543,85 ",789.257.448.612 
PROVIDA,2017-03-19,D,"29.750,50 ",6.503.803.774.431 
CAPITAL,2017-03-17,E,"37.302,08 ",4.787.917.888.580 
CUPRUM,2017-03-17,E,"39.527,73 ",6.403.481.005.931 
HABITAT,2017-03-17,E,"35.631,29 ",7.386.235.241.474 
MODELO,2017-03-17,E,"39.525,17 ",1.398.899.100.755 
PLANVITAL,2017-03-17,E,"61.309,95 ",872.534.488.761 
PROVIDA,2017-03-17,E,"35.763,49 ",4.399.478.445.248 
CAPITAL,2017-03-18,E,"37.302,08 ",4.787.917.888.580 
CUPRUM,2017-03-18,E,"39.527,73 ",6.403.481.005.931 
HABITAT,2017-03-18,E,"35.631,29 ",7.386.235.241.474 
MODELO,2017-03-18,E,"39.525,17 ",1.398.899.100.755 
PLANVITAL,2017-03-18,E,"61.309,95 ",872.534.488.761 
PROVIDA,2017-03-18,E,"35.763,49 ",4.399.478.445.248 
CAPITAL,2017-03-19,E,"37.302,08 ",4.787.917.888.580 
CUPRUM,2017-03-19,E,"39.527,73 ",6.403.481.005.931 
HABITAT,2017-03-19,E,"35.631,29 ",7.386.235.241.474 
MODELO,2017-03-19,E,"39.525,17 ",1.398.899.100.755 
PLANVITAL,2017-03-19,E,"61.309,95 ",872.534.488.761 
PROVIDA,2017-03-19,E,"35.763,49 ",4.399.478.445.248 
CAPITAL,2017-03-20,A,"38.252,66 ",2.999.187.703.063 
CUPRUM,2017-03-20,A,"40.378,12 ",3.911.483.152.763 
HABITAT,2017-03-20,A,"40.940,42 ",3.934.319.460.208 
MODELO,2017-03-20,A,"40.083,36 ",432.611.208.290 
PLANVITAL,2017-03-20,A,"37.602,10 ",379.486.930.604 
PROVIDA,2017-03-20,A,"39.796,10 ",3.225.864.621.686 
CAPITAL,2017-03-20,B,"34.287,17 ",3.387.893.928.065 
CUPRUM,2017-03-20,B,"35.978,67 ",2.978.020.634.034 
HABITAT,2017-03-20,B,"36.081,51 ",4.636.140.603.633 
MODELO,2017-03-20,B,"34.594,34 ",1.433.386.473.958 
PLANVITAL,2017-03-20,B,"34.440,48 ",695.488.766.914 
PROVIDA,2017-03-20,B,"33.960,80 ",4.374.821.821.810 
CAPITAL,2017-03-20,C,"35.347,70 ",7.915.001.588.391 
CUPRUM,2017-03-20,C,"41.533,71 ",7.704.985.955.286 
HABITAT,2017-03-20,C,"40.494,77 ",11.876.344.423.355 
MODELO,2017-03-20,C,"39.691,24 ",918.184.238.857 
PLANVITAL,2017-03-20,C,"71.793,46 ",1.403.341.337.619 
PROVIDA,2017-03-20,C,"35.036,71 ",12.692.142.384.855 
CAPITAL,2017-03-20,D,"30.325,57 ",4.527.500.731.808 
CUPRUM,2017-03-20,D,"32.161,20 ",3.350.074.286.525 
HABITAT,2017-03-20,D,"32.416,53 ",5.051.404.067.063 
MODELO,2017-03-20,D,"30.981,31 ",361.577.164.004 
PLANVITAL,2017-03-20,D,"29.609,27 ",791.497.536.152 
PROVIDA,2017-03-20,D,"29.826,37 ",6.519.679.186.359 
CAPITAL,2017-03-20,E,"37.387,97 ",4.798.847.967.421 
CUPRUM,2017-03-20,E,"39.613,76 ",6.426.059.066.056 
HABITAT,2017-03-20,E,"35.707,30 ",7.417.797.351.006 
MODELO,2017-03-20,E,"39.581,08 ",1.405.808.243.355 
PLANVITAL,2017-03-20,E,"61.444,86 ",875.142.233.895 
PROVIDA,2017-03-20,E,"35.861,99 ",4.409.725.465.216 
CAPITAL,2017-03-21,A,"38.353,59 ",3.009.513.588.202 
CUPRUM,2017-03-21,A,"40.476,84 ",3.918.418.978.962 
HABITAT,2017-03-21,A,"41.040,18 ",3.943.378.031.235 
MODELO,2017-03-21,A,"40.169,78 ",433.647.200.782 
PLANVITAL,2017-03-21,A,"37.703,07 ",380.160.011.601 
PROVIDA,2017-03-21,A,"39.898,30 ",3.234.487.791.150 
CAPITAL,2017-03-22,A,"38.049,56 ",2.989.084.979.055 
CUPRUM,2017-03-22,A,"40.159,92 ",3.887.767.457.841 
HABITAT,2017-03-22,A,-- ,-- 
MODELO,2017-03-22,A,"39.845,23 ",429.864.915.886 
PLANVITAL,2017-03-22,A,"37.423,95 ",377.568.206.684 
PROVIDA,2017-03-22,A,"39.591,17 ",3.209.799.425.709 
CAPITAL,2017-03-21,B,"34.368,05 ",3.395.730.518.148 
CUPRUM,2017-03-21,B,"36.057,96 ",2.982.289.274.829 
HABITAT,2017-03-21,B,"36.167,27 ",4.646.311.164.504 
MODELO,2017-03-21,B,"34.658,85 ",1.436.134.491.204 
PLANVITAL,2017-03-21,B,"34.522,16 ",696.974.973.306 
PROVIDA,2017-03-21,B,"34.043,65 ",4.385.492.604.897 
CAPITAL,2017-03-22,B,"34.186,93 ",3.378.860.853.335 
CUPRUM,2017-03-22,B,"35.862,86 ",2.965.115.571.165 
HABITAT,2017-03-22,B,-- ,-- 
MODELO,2017-03-22,B,"34.476,23 ",1.428.977.541.401 
PLANVITAL,2017-03-22,B,"34.341,57 ",693.815.082.103 
PROVIDA,2017-03-22,B,"33.856,70 ",4.361.620.439.235 
CAPITAL,2017-03-21,C,"35.424,08 ",7.931.732.772.133 
CUPRUM,2017-03-21,C,"41.618,50 ",7.720.101.690.092 
HABITAT,2017-03-21,C,"40.579,03 ",11.901.636.961.266 
MODELO,2017-03-21,C,"39.754,01 ",916.954.299.661 
PLANVITAL,2017-03-21,C,"71.950,87 ",1.406.464.910.453 
PROVIDA,2017-03-21,C,"35.114,20 ",12.722.793.551.416 
CAPITAL,2017-03-22,C,"35.290,72 ",7.905.299.301.643 
CUPRUM,2017-03-22,C,"41.471,61 ",7.695.185.932.624 
HABITAT,2017-03-22,C,-- ,-- 
MODELO,2017-03-22,C,"39.618,21 ",912.332.486.999 
PLANVITAL,2017-03-22,C,"71.705,82 ",1.401.226.677.731 
PROVIDA,2017-03-22,C,"34.977,15 ",12.674.169.020.036 
CAPITAL,2017-03-21,D,"30.385,15 ",4.534.109.218.257 
CUPRUM,2017-03-21,D,"32.218,00 ",3.355.579.112.830 
HABITAT,2017-03-21,D,"32.469,39 ",5.058.272.427.536 
MODELO,2017-03-21,D,"31.019,73 ",361.924.548.719 
PLANVITAL,2017-03-21,D,"29.665,56 ",792.948.540.570 
PROVIDA,2017-03-21,D,"29.878,42 ",6.531.382.658.268 
CAPITAL,2017-03-22,D,"30.303,26 ",4.520.069.083.177 
CUPRUM,2017-03-22,D,"32.137,58 ",3.345.121.044.954 
HABITAT,2017-03-22,D,-- ,-- 
MODELO,2017-03-22,D,"30.951,35 ",361.725.126.161 
PLANVITAL,2017-03-22,D,"29.596,76 ",790.920.791.302 
PROVIDA,2017-03-22,D,"29.793,67 ",6.511.799.182.932 
CAPITAL,2017-03-21,E,"37.432,23 ",4.799.668.637.933 
CUPRUM,2017-03-21,E,"39.661,90 ",6.435.466.634.828 
HABITAT,2017-03-21,E,"35.744,77 ",7.425.769.151.658 
MODELO,2017-03-21,E,"39.609,23 ",1.409.216.090.730 
PLANVITAL,2017-03-21,E,"61.518,69 ",876.665.201.316 
PROVIDA,2017-03-21,E,"35.894,91 ",4.412.542.024.187 
CAPITAL,2017-03-22,E,"37.385,25 ",4.786.832.510.158 
CUPRUM,2017-03-22,E,"39.615,29 ",6.424.073.862.054 
HABITAT,2017-03-22,E,-- ,-- 
MODELO,2017-03-22,E,"39.572,56 ",1.408.773.752.304 
PLANVITAL,2017-03-22,E,"61.453,28 ",875.607.412.479 
PROVIDA,2017-03-22,E,"35.837,28 ",4.403.728.478.835 
